row_index,gene_id,gene_symbol,uniprot_accession,label,sequence_clean_length,truncated,used_length
0,ENSG00000205155,PSENEN,Q9NZ42,0,101,False,101
1,ENSG00000164530,PI16,Q6UXB8,1,463,False,463
2,ENSG00000143167,GPA33,Q99795,0,319,False,319
3,ENSG00000137691,CFAP300,Q9BRQ4,0,267,False,267
4,ENSG00000095981,KCNK16,Q96T55,1,309,False,309
5,ENSG00000213996,TM6SF2,Q9BZW4,1,377,False,377
6,ENSG00000164823,OSGIN2,Q9Y236,0,505,False,505
7,ENSG00000185716,MOSMO,Q8NHV5,0,167,False,167
8,ENSG00000181873,IBA57,Q5T440,0,356,False,356
9,ENSG00000164647,STEAP1,Q9UHE8,1,339,False,339
10,ENSG00000145626,UGT3A1,Q6NUS8,0,523,False,523
11,ENSG00000196275,GTF2IRD2,Q86UP8,1,949,False,949
12,ENSG00000205302,SNX2,O60749,0,519,False,519
13,ENSG00000169594,BNC1,Q01954,0,994,False,994
14,ENSG00000124780,KCNK17,Q96T54,1,332,False,332
15,ENSG00000139719,VPS33A,Q96AX1,0,596,False,596
16,ENSG00000284479,SMIM39,A0A1B0GW54,0,56,False,56
17,ENSG00000151148,UBE3B,Q7Z3V4,0,1068,True,1022
18,ENSG00000168081,PNOC,Q13519,1,176,False,176
19,ENSG00000117707,PROX1,Q92786,1,737,False,737
20,ENSG00000105877,DNAH11,Q96DT5,0,4516,True,1022
21,ENSG00000050030,NEXMIF,Q5QGS0,0,1516,True,1022
22,ENSG00000184985,SORCS2,Q96PQ0,1,1159,True,1022
23,ENSG00000103253,HAGHL,Q6PII5,0,290,False,290
24,ENSG00000154269,ENPP3,O14638,1,875,False,875
25,ENSG00000168418,KCNG4,Q8TDN1,0,519,False,519
26,ENSG00000164574,GALNT10,Q86SR1,1,603,False,603
27,ENSG00000111275,ALDH2,P05091,1,517,False,517
28,ENSG00000157388,CACNA1D,Q01668,1,2161,True,1022
29,ENSG00000183310,OR2T34,Q8NGX1,0,318,False,318
30,ENSG00000166035,LIPC,P11150,1,499,False,499
31,ENSG00000077684,JADE1,Q6IE81,0,842,False,842
32,ENSG00000160803,UBQLN4,Q9NRR5,0,601,False,601
33,ENSG00000197976,AKAP17A,Q02040,0,695,False,695
34,ENSG00000085978,ATG16L1,Q676U5,1,607,False,607
35,ENSG00000197093,GAL3ST4,Q96RP7,0,486,False,486
36,ENSG00000112499,SLC22A2,O15244,1,555,False,555
37,ENSG00000173812,EIF1,P41567,0,113,False,113
38,ENSG00000138190,EXOC6,Q8TAG9,1,804,False,804
39,ENSG00000174697,LEP,P41159,1,167,False,167
40,ENSG00000138050,THUMPD2,Q9BTF0,0,503,False,503
41,ENSG00000125744,RTN2,O75298,0,545,False,545
42,ENSG00000183049,CAMK1D,Q8IU85,1,385,False,385
43,ENSG00000090686,USP48,Q86UV5,1,1035,True,1022
44,ENSG00000105675,ATP4A,P20648,1,1035,True,1022
45,ENSG00000196118,CFAP119,A1A4V9,0,331,False,331
46,ENSG00000188112,C6orf132,Q5T0Z8,0,1188,True,1022
47,ENSG00000158636,EMSY,Q7Z589,1,1322,True,1022
48,ENSG00000163872,YEATS2,Q9ULM3,0,1422,True,1022
49,ENSG00000164935,DCSTAMP,Q9H295,1,470,False,470
50,ENSG00000197381,ADARB1,P78563,1,741,False,741
51,ENSG00000174502,SLC26A9,Q7LBE3,1,791,False,791
52,ENSG00000221914,PPP2R2A,P63151,1,447,False,447
53,ENSG00000116786,PLEKHM2,Q8IWE5,1,1019,False,1019
54,ENSG00000170906,NDUFA3,O95167,1,84,False,84
55,ENSG00000148426,PROSER2,Q86WR7,0,435,False,435
56,ENSG00000100350,FOXRED2,Q8IWF2,0,684,False,684
57,ENSG00000136634,IL10,P22301,1,178,False,178
58,ENSG00000070540,WIPI1,Q5MNZ9,1,446,False,446
59,ENSG00000169019,COMMD8,Q9NX08,0,183,False,183
60,ENSG00000068078,FGFR3,P22607,1,806,False,806
61,ENSG00000189420,ZFP92,A6NM28,0,416,False,416
62,ENSG00000140873,ADAMTS18,Q8TE60,1,1221,True,1022
63,ENSG00000099139,PCSK5,Q92824,0,1860,True,1022
64,ENSG00000100139,MICALL1,Q8N3F8,0,863,False,863
65,ENSG00000184144,CNTN2,Q02246,1,1040,True,1022
66,ENSG00000203485,INF2,Q27J81,0,1249,True,1022
67,ENSG00000197635,DPP4,P27487,1,766,False,766
68,ENSG00000217236,SP9,P0CG40,1,484,False,484
69,ENSG00000100078,PLA2G3,Q9NZ20,0,509,False,509
70,ENSG00000179397,CATSPERE,Q5SY80,0,951,False,951
71,ENSG00000055955,ITIH4,Q14624,1,930,False,930
72,ENSG00000116852,KIF21B,O75037,0,1637,True,1022
73,ENSG00000146802,TMEM168,Q9H0V1,0,697,False,697
74,ENSG00000125356,NDUFA1,O15239,1,70,False,70
75,ENSG00000033100,CHPF2,Q9P2E5,0,772,False,772
76,ENSG00000153707,PTPRD,P23468,1,1912,True,1022
77,ENSG00000171824,EXOSC10,Q01780,0,885,False,885
78,ENSG00000114416,FXR1,P51114,1,621,False,621
79,ENSG00000118971,CCND2,P30279,1,289,False,289
80,ENSG00000148606,POLR3A,O14802,0,1390,True,1022
81,ENSG00000185022,MAFF,Q9ULX9,1,164,False,164
82,ENSG00000187678,SPRY4,Q9C004,1,299,False,299
83,ENSG00000170606,HSPA4,P34932,1,840,False,840
84,ENSG00000122376,SHLD2,Q86V20,0,835,False,835
85,ENSG00000047315,POLR2B,P30876,0,1174,True,1022
86,ENSG00000174206,KICS2,Q96MD2,0,445,False,445
87,ENSG00000066084,DIP2B,Q9P265,0,1576,True,1022
88,ENSG00000124787,RPP40,O75818,0,363,False,363
89,ENSG00000164161,HHIP,Q96QV1,1,700,False,700
90,ENSG00000186635,ARAP1,Q96P48,1,1450,True,1022
91,ENSG00000129696,TTI2,Q6NXR4,0,508,False,508
92,ENSG00000141026,MED9,Q9NWA0,0,146,False,146
93,ENSG00000115993,TRAK2,O60296,0,914,False,914
94,ENSG00000030110,BAK1,Q16611,1,211,False,211
95,ENSG00000122778,KIAA1549,Q9HCM3,0,1950,True,1022
96,ENSG00000158497,HMHB1,O97980,1,41,False,41
97,ENSG00000266074,BAHCC1,Q9P281,0,2639,True,1022
98,ENSG00000175787,ZNF169,Q14929,1,603,False,603
99,ENSG00000135776,ABCB10,Q9NRK6,1,738,False,738
100,ENSG00000068831,RASGRP2,Q7LDG7,0,609,False,609
101,ENSG00000229665,PRR20C,P86479,0,221,False,221
102,ENSG00000134247,PTGFRN,Q9P2B2,1,879,False,879
103,ENSG00000163599,CTLA4,P16410,1,223,False,223
104,ENSG00000063169,BICRA,Q9NZM4,0,1560,True,1022
105,ENSG00000151465,CDC123,O75794,1,336,False,336
106,ENSG00000101463,SYNDIG1,Q9H7V2,1,258,False,258
107,ENSG00000167619,TMEM145,Q8NBT3,0,493,False,493
108,ENSG00000100418,DESI1,Q6ICB0,0,168,False,168
109,ENSG00000171595,DNAI2,Q9GZS0,0,605,False,605
110,ENSG00000164124,TMEM144,Q7Z5S9,1,345,False,345
111,ENSG00000184304,PRKD1,Q15139,1,912,False,912
112,ENSG00000130749,ZC3H4,Q9UPT8,1,1303,True,1022
113,ENSG00000203985,LDLRAD1,Q5T700,0,205,False,205
114,ENSG00000109501,WFS1,O76024,1,890,False,890
115,ENSG00000123146,ADGRE5,P48960,0,835,False,835
116,ENSG00000166669,ATF7IP2,Q5U623,0,682,False,682
117,ENSG00000188559,RALGAPA2,Q2PPJ7,0,1873,True,1022
118,ENSG00000267368,UPK3BL1,B0FP48,0,263,False,263
119,ENSG00000171067,C11orf24,Q96F05,0,449,False,449
120,ENSG00000124789,NUP153,P49790,0,1475,True,1022
121,ENSG00000134243,SORT1,Q99523,1,831,False,831
122,ENSG00000196839,ADA,P00813,1,363,False,363
123,ENSG00000163870,TPRA1,Q86W33,0,373,False,373
124,ENSG00000196584,XRCC2,O43543,0,280,False,280
125,ENSG00000160460,SPTBN4,Q9H254,0,2564,True,1022
126,ENSG00000204930,FAM221B,A6H8Z2,0,402,False,402
127,ENSG00000066382,MPPED2,Q15777,1,294,False,294
128,ENSG00000074201,CLNS1A,P54105,0,237,False,237
129,ENSG00000105792,CFAP69,A5D8W1,1,941,False,941
130,ENSG00000100711,ZFYVE21,Q9BQ24,0,234,False,234
131,ENSG00000066135,KDM4A,O75164,0,1064,True,1022
132,ENSG00000182810,DDX28,Q9NUL7,0,540,False,540
133,ENSG00000198888,MT-ND1,P03886,1,318,False,318
134,ENSG00000165695,AK8,Q96MA6,0,479,False,479
135,ENSG00000140718,FTO,Q9C0B1,1,505,False,505
136,ENSG00000182180,MRPS16,Q9Y3D3,0,137,False,137
137,ENSG00000196616,ADH1B,P00325,1,375,False,375
138,ENSG00000165169,DYNLT3,P51808,0,116,False,116
139,ENSG00000107959,PITRM1,Q5JRX3,0,1037,True,1022
140,ENSG00000113302,IL12B,P29460,1,328,False,328
141,ENSG00000152270,PDE3B,Q13370,1,1112,True,1022
142,ENSG00000152076,CCDC74B,Q96LY2,0,380,False,380
143,ENSG00000185619,PCGF3,Q3KNV8,1,242,False,242
144,ENSG00000092096,SLC22A17,Q8WUG5,0,649,False,649
145,ENSG00000075035,WSCD2,Q2TBF2,1,565,False,565
146,ENSG00000104043,ATP8B4,Q8TF62,0,1192,True,1022
147,ENSG00000205669,ACOT6,Q3I5F7,0,421,False,421
148,ENSG00000276043,UHRF1,Q96T88,1,793,False,793
149,ENSG00000170262,MRAP,Q8TCY5,0,172,False,172
150,ENSG00000025156,HSF2,Q03933,0,536,False,536
151,ENSG00000255713,OR4D2,P58180,0,307,False,307
152,ENSG00000100034,PPM1F,P49593,0,454,False,454
153,ENSG00000243480,AMY2A,P04746,1,511,False,511
154,ENSG00000101680,LAMA1,P25391,1,3075,True,1022
155,ENSG00000198752,CDC42BPB,Q9Y5S2,0,1711,True,1022
156,ENSG00000184986,TMEM121,Q9BTD3,0,319,False,319
157,ENSG00000222011,FAM185A,Q8N0U4,1,392,False,392
158,ENSG00000099991,CABIN1,Q9Y6J0,0,2220,True,1022
159,ENSG00000163116,STPG2,Q8N412,0,459,False,459
160,ENSG00000087152,ATXN7L3,Q14CW9,0,347,False,347
161,ENSG00000131725,WDR44,Q5JSH3,0,913,False,913
162,ENSG00000126337,KRT36,O76013,0,467,False,467
163,ENSG00000136159,NUDT15,Q9NV35,0,164,False,164
164,ENSG00000196646,ZNF136,P52737,0,540,False,540
165,ENSG00000168528,SERINC2,Q96SA4,0,455,False,455
166,ENSG00000170390,DCLK2,Q8N568,1,766,False,766
167,ENSG00000183560,IZUMO1R,A6ND01,0,250,False,250
168,ENSG00000185156,MFSD6L,Q8IWD5,0,586,False,586
169,ENSG00000140836,ZFHX3,Q15911,1,3703,True,1022
170,ENSG00000175699,CCDC197,Q8NCU1,0,143,False,143
171,ENSG00000101407,TTI1,O43156,0,1089,True,1022
172,ENSG00000154767,XPC,Q01831,0,940,False,940
173,ENSG00000159387,IRX6,P78412,1,446,False,446
174,ENSG00000086544,ITPKC,Q96DU7,0,683,False,683
175,ENSG00000197454,OR2L5,Q8NG80,0,312,False,312
176,ENSG00000146670,CDCA5,Q96FF9,0,252,False,252
177,ENSG00000136950,ARPC5L,Q9BPX5,0,153,False,153
178,ENSG00000243509,TNFRSF6B,O95407,1,300,False,300
179,ENSG00000161265,U2AF1L4,Q8WU68,0,220,False,220
180,ENSG00000249471,ZNF324B,Q6AW86,0,544,False,544
181,ENSG00000084731,KIF3C,O14782,1,793,False,793
182,ENSG00000167881,SRP68,Q9UHB9,0,627,False,627
183,ENSG00000106459,NRF1,Q16656,1,503,False,503
184,ENSG00000162664,ZNF326,Q5BKZ1,0,582,False,582
185,ENSG00000117154,IGSF21,Q96ID5,1,467,False,467
186,ENSG00000104763,ASAH1,Q13510,1,395,False,395
187,ENSG00000141458,NPC1,O15118,1,1278,True,1022
188,ENSG00000156639,ZFAND3,Q9H8U3,1,227,False,227
189,ENSG00000171873,ADRA1D,P25100,1,572,False,572
190,ENSG00000182240,BACE2,Q9Y5Z0,1,518,False,518
191,ENSG00000196099,OR6M1,Q8NGM8,0,313,False,313
192,ENSG00000154237,LRRK1,Q38SD2,1,2015,True,1022
193,ENSG00000131126,TEX101,Q9BY14,0,249,False,249
194,ENSG00000183579,ZNRF3,Q9ULT6,1,936,False,936
195,ENSG00000068028,RASSF1,Q9NS23,0,344,False,344
196,ENSG00000100106,TRIOBP,Q9H2D6,0,2365,True,1022
197,ENSG00000104313,EYA1,Q99502,1,592,False,592
198,ENSG00000171403,KRT9,P35527,0,623,False,623
199,ENSG00000182247,UBE2E2,Q96LR5,1,201,False,201
200,ENSG00000172201,ID4,P47928,1,161,False,161
201,ENSG00000119723,COQ6,Q9Y2Z9,0,468,False,468
202,ENSG00000173950,XXYLT1,Q8NBI6,0,393,False,393
203,ENSG00000156304,SCAF4,O95104,0,1147,True,1022
204,ENSG00000114098,ARMC8,Q8IUR7,0,673,False,673
205,ENSG00000196476,C20orf96,Q9NUD7,0,363,False,363
206,ENSG00000170819,BFSP2,Q13515,0,415,False,415
207,ENSG00000276547,PCDHGB5,Q9Y5G0,0,923,False,923
208,ENSG00000044090,CUL7,Q14999,0,1698,True,1022
209,ENSG00000164684,ZNF704,Q6ZNC4,0,412,False,412
210,ENSG00000147180,ZNF711,Q9Y462,0,761,False,761
211,ENSG00000050767,COL23A1,Q86Y22,0,540,False,540
212,ENSG00000205186,FABP9,Q0Z7S8,0,132,False,132
213,ENSG00000100241,SBF1,O95248,0,1868,True,1022
214,ENSG00000143995,MEIS1,O00470,1,390,False,390
215,ENSG00000128833,MYO5C,Q9NQX4,1,1742,True,1022
216,ENSG00000008083,JARID2,Q92833,1,1246,True,1022
217,ENSG00000176155,CCDC57,Q2TAC2,0,915,False,915
218,ENSG00000182463,TSHZ2,Q9NRE2,1,1034,True,1022
219,ENSG00000141452,RMC1,Q96DM3,1,657,False,657
220,ENSG00000284791,SMIM41,A0A2R8YCJ5,0,93,False,93
221,ENSG00000122679,RAMP3,O60896,1,148,False,148
222,ENSG00000088930,XRN2,Q9H0D6,0,950,False,950
223,ENSG00000135837,CEP350,Q5VT06,0,3117,True,1022
224,ENSG00000033030,ZCCHC8,Q6NZY4,0,707,False,707
225,ENSG00000138286,FAM149B1,Q96BN6,0,582,False,582
226,ENSG00000166928,MS4A14,Q96JA4,0,679,False,679
227,ENSG00000145888,GLRA1,P23415,1,457,False,457
228,ENSG00000143776,CDC42BPA,Q5VT25,1,1732,True,1022
229,ENSG00000169856,ONECUT1,Q9UBC0,1,465,False,465
230,ENSG00000145780,FEM1C,Q96JP0,0,617,False,617
231,ENSG00000137309,HMGA1,P17096,1,107,False,107
232,ENSG00000077063,CTTNBP2,Q8WZ74,1,1663,True,1022
233,ENSG00000100461,RBM23,Q86U06,0,439,False,439
234,ENSG00000143869,GDF7,Q7Z4P5,1,450,False,450
235,ENSG00000113231,PDE8B,O95263,1,885,False,885
236,ENSG00000145247,OCIAD2,Q56VL3,1,154,False,154
237,ENSG00000131732,ZCCHC9,Q8N567,0,271,False,271
238,ENSG00000125815,CST8,O60676,0,142,False,142
239,ENSG00000101096,NFATC2,Q13469,1,925,False,925
240,ENSG00000205359,SLCO6A1,Q86UG4,1,719,False,719
241,ENSG00000133943,DGLUCY,Q7Z3D6,0,616,False,616
242,ENSG00000273820,USP27X,A6NNY8,0,438,False,438
243,ENSG00000060749,QSER1,Q2KHR3,1,1735,True,1022
244,ENSG00000154822,PLCL2,Q9UPR0,1,1127,True,1022
245,ENSG00000166004,CEP295,Q9C0D2,0,2601,True,1022
246,ENSG00000073849,ST6GAL1,P15907,1,406,False,406
247,ENSG00000174791,RIN1,Q13671,0,783,False,783
248,ENSG00000214279,SCART1,Q4G0T1,0,1027,True,1022
249,ENSG00000126860,EVI2A,P22794,1,236,False,236
250,ENSG00000065371,ROPN1,Q9HAT0,0,212,False,212
251,ENSG00000087589,CASS4,Q9NQ75,0,786,False,786
252,ENSG00000086475,SEPHS1,P49903,0,392,False,392
253,ENSG00000197386,HTT,P42858,1,3142,True,1022
254,ENSG00000043143,JADE2,Q9NQC1,1,790,False,790
255,ENSG00000180257,ZNF816,Q0VGE8,0,651,False,651
256,ENSG00000171105,INSR,P06213,1,1382,True,1022
257,ENSG00000079689,SCGN,O76038,1,276,False,276
258,ENSG00000198945,L3MBTL3,Q96JM7,1,780,False,780
259,ENSG00000151136,ABTB3,A6QL63,0,1104,True,1022
260,ENSG00000141219,MTNAP1,Q9BSJ5,0,609,False,609
261,ENSG00000151320,AKAP6,Q13023,1,2319,True,1022
262,ENSG00000145194,ECE2,P0DPD6,1,811,False,811
263,ENSG00000276950,GSTT4,A0A1W2PR19,0,241,False,241
264,ENSG00000196663,TECPR2,O15040,0,1411,True,1022
265,ENSG00000115020,PIKFYVE,Q9Y2I7,0,2098,True,1022
266,ENSG00000198947,DMD,P11532,1,3685,True,1022
267,ENSG00000142327,RNPEPL1,Q9HAU8,0,725,False,725
268,ENSG00000067177,PHKA1,P46020,0,1223,True,1022
269,ENSG00000167792,NDUFV1,P49821,1,464,False,464
270,ENSG00000020633,RUNX3,Q13761,1,415,False,415
271,ENSG00000163633,C4orf36,Q96KX1,0,117,False,117
272,ENSG00000197467,COL13A1,Q5TAT6,1,717,False,717
273,ENSG00000143126,CELSR2,Q9HCU4,1,2923,True,1022
274,ENSG00000197893,NRAP,Q86VF7,0,1730,True,1022
275,ENSG00000069998,HDHD5,Q9BXW7,0,423,False,423
276,ENSG00000112773,TENT5A,Q96IP4,0,442,False,442
277,ENSG00000169515,CCDC8,Q9H0W5,0,538,False,538
278,ENSG00000148655,LRMDA,Q9H2I8,1,198,False,198
279,ENSG00000038219,BOD1L1,Q8NFC6,0,3051,True,1022
280,ENSG00000119977,TCTN3,Q6NUS6,0,607,False,607
281,ENSG00000137073,UBAP2,Q5T6F2,1,1119,True,1022
282,ENSG00000176853,FAM91A1,Q658Y4,0,838,False,838
283,ENSG00000149295,DRD2,P14416,1,443,False,443
284,ENSG00000198718,TOGARAM1,Q9Y4F4,0,1720,True,1022
285,ENSG00000157212,PAXIP1,Q6ZW49,0,1069,True,1022
286,ENSG00000177144,NUDT4B,A0A024RBG1,0,181,False,181
287,ENSG00000170214,ADRA1B,P35368,1,520,False,520
288,ENSG00000205409,OR52E6,Q96RD3,0,313,False,313
289,ENSG00000158125,XDH,P47989,1,1333,True,1022
290,ENSG00000136122,BORA,Q6PGQ7,0,559,False,559
291,ENSG00000168056,LTBP3,Q9NS15,1,1303,True,1022
292,ENSG00000107443,CCNJ,Q5T5M9,0,372,False,372
293,ENSG00000218891,ZNF579,Q8NAF0,0,562,False,562
294,ENSG00000196504,PRPF40A,O75400,1,957,False,957
295,ENSG00000161040,FBXL13,Q8NEE6,1,735,False,735
296,ENSG00000100167,SEPTIN3,Q9UH03,0,358,False,358
297,ENSG00000070610,GBA2,Q9HCG7,1,927,False,927
298,ENSG00000011275,RNF216,Q9NWF9,0,866,False,866
299,ENSG00000131477,RAMP2,O60895,1,175,False,175
300,ENSG00000055163,CYFIP2,Q96F07,0,1278,True,1022
301,ENSG00000107679,PLEKHA1,Q9HB21,1,404,False,404
302,ENSG00000120278,PLEKHG1,Q9ULL1,1,1385,True,1022
303,ENSG00000196511,TPK1,Q9H3S4,0,243,False,243
304,ENSG00000120690,ELF1,P32519,1,619,False,619
305,ENSG00000083817,ZNF416,Q9BWM5,0,594,False,594
306,ENSG00000229924,FAM90A26,D6RGX4,0,464,False,464
307,ENSG00000177054,ZDHHC13,Q8IUH4,0,622,False,622
308,ENSG00000154415,PPP1R3A,Q16821,1,1122,True,1022
309,ENSG00000101901,ALG13,Q9NP73,0,1137,True,1022
310,ENSG00000112699,GMDS,O60547,1,372,False,372
311,ENSG00000196628,TCF4,P15884,1,667,False,667
312,ENSG00000100346,CACNA1I,Q9P0X4,0,2223,True,1022
313,ENSG00000101057,MYBL2,P10244,1,700,False,700
314,ENSG00000124783,SSR1,P43307,1,286,False,286
315,ENSG00000064687,ABCA7,Q8IZY2,0,2146,True,1022
316,ENSG00000132205,EMILIN2,Q9BXX0,1,1053,True,1022
317,ENSG00000169507,SLC38A11,Q08AI6,1,406,False,406
318,ENSG00000078269,SYNJ2,O15056,0,1496,True,1022
319,ENSG00000136444,RSAD1,Q9HA92,0,442,False,442
320,ENSG00000148513,ANKRD30A,Q9BXX3,0,1397,True,1022
321,ENSG00000166136,NDUFB8,O95169,1,186,False,186
322,ENSG00000105717,PBX4,Q9BYU1,0,374,False,374
323,ENSG00000159337,PLA2G4D,Q86XP0,0,818,False,818
324,ENSG00000143515,ATP8B2,P98198,1,1209,True,1022
325,ENSG00000127324,TSPAN8,P19075,1,237,False,237
326,ENSG00000104324,CPQ,Q9Y646,1,472,False,472
327,ENSG00000065802,ASB1,Q9Y576,0,335,False,335
328,ENSG00000184305,CCSER1,Q9C0I3,1,900,False,900
329,ENSG00000065518,NDUFB4,O95168,1,129,False,129
330,ENSG00000196182,STK40,Q8N2I9,0,435,False,435
331,ENSG00000174306,ZHX3,Q9H4I2,1,956,False,956
332,ENSG00000129295,DNAAF11,Q86X45,0,466,False,466
333,ENSG00000153989,NUS1,Q96E22,1,293,False,293
334,ENSG00000185774,KCNIP4,Q6PIL6,0,250,False,250
335,ENSG00000108255,CRYBA1,P05813,1,215,False,215
336,ENSG00000144736,SHQ1,Q6PI26,1,577,False,577
337,ENSG00000159164,SV2A,Q7L0J3,1,742,False,742
338,ENSG00000177614,PGBD5,Q8N414,0,524,False,524
339,ENSG00000064313,TAF2,Q6P1X5,0,1199,True,1022
340,ENSG00000075461,CACNG4,Q9UBN1,0,327,False,327
341,ENSG00000188152,NUTM2G,Q5VZR2,0,741,False,741
342,ENSG00000090621,PABPC4,Q13310,1,644,False,644
343,ENSG00000167984,NLRC3,Q7RTR2,1,1065,True,1022
344,ENSG00000112715,VEGFA,P15692,1,395,False,395
345,ENSG00000166226,CCT2,P78371,0,535,False,535
346,ENSG00000106636,YKT6,O15498,1,198,False,198
347,ENSG00000274749,KRTAP7-1,Q8IUC3,0,87,False,87
348,ENSG00000111276,CDKN1B,P46527,1,198,False,198
349,ENSG00000119718,EIF2B2,P49770,0,351,False,351
350,ENSG00000147123,NDUFB11,Q9NX14,1,153,False,153
351,ENSG00000173542,MOB1B,Q7L9L4,1,216,False,216
352,ENSG00000163281,GNPDA2,Q8TDQ7,1,276,False,276
353,ENSG00000041353,RAB27B,O00194,0,218,False,218
354,ENSG00000078898,BPIFB2,Q8N4F0,0,458,False,458
355,ENSG00000166949,SMAD3,P84022,1,425,False,425
356,ENSG00000083838,ZNF446,Q9NWS9,0,450,False,450
357,ENSG00000101084,RAB5IF,Q9BUV8,0,137,False,137
358,ENSG00000065183,WDR3,Q9UNX4,0,943,False,943
359,ENSG00000119772,DNMT3A,Q9Y6K1,1,912,False,912
360,ENSG00000166603,MC4R,P32245,1,332,False,332
361,ENSG00000149313,AASDHPPT,Q9NRN7,0,309,False,309
362,ENSG00000130561,SAG,P10523,1,405,False,405
363,ENSG00000132141,CCT6B,Q92526,0,530,False,530
364,ENSG00000092208,GEMIN2,O14893,0,280,False,280
365,ENSG00000240857,RDH14,Q9HBH5,1,336,False,336
366,ENSG00000257335,MGAM,O43451,1,2753,True,1022
367,ENSG00000197872,CYRIA,Q9H0Q0,1,323,False,323
368,ENSG00000156853,ZNF689,Q96CS4,0,500,False,500
369,ENSG00000182993,C12orf60,Q5U649,0,245,False,245
370,ENSG00000145494,NDUFS6,O75380,1,124,False,124
371,ENSG00000123610,TNFAIP6,P98066,1,277,False,277
372,ENSG00000152620,NADK2,Q4G0N4,1,442,False,442
373,ENSG00000137575,SDCBP,O00560,0,298,False,298
374,ENSG00000232040,SCAND3,Q6R2W3,0,1325,True,1022
375,ENSG00000182923,CEP63,Q96MT8,0,703,False,703
376,ENSG00000144747,TMF1,P82094,0,1093,True,1022
377,ENSG00000184185,KCNJ12,Q14500,1,433,False,433
378,ENSG00000053747,LAMA3,Q16787,0,3333,True,1022
379,ENSG00000139344,AMDHD1,Q96NU7,0,426,False,426
380,ENSG00000066923,STAG3,Q9UJ98,0,1225,True,1022
381,ENSG00000144231,POLR2D,O15514,0,142,False,142
382,ENSG00000149115,TNKS1BP1,Q9C0C2,0,1729,True,1022
383,ENSG00000161944,ASGR2,P07307,0,311,False,311
384,ENSG00000141338,ABCA8,O94911,0,1621,True,1022
385,ENSG00000143337,TOR1AIP1,Q5JTV8,0,583,False,583
386,ENSG00000134461,ANKRD16,Q6P6B7,0,361,False,361
387,ENSG00000186009,ATP4B,P51164,1,291,False,291
388,ENSG00000110244,APOA4,P06727,1,396,False,396
389,ENSG00000004059,ARF5,P84085,1,180,False,180
390,ENSG00000157445,CACNA2D3,Q8IZS8,1,1091,True,1022
391,ENSG00000134824,FADS2,O95864,1,444,False,444
392,ENSG00000256269,HMBS,P08397,1,361,False,361
393,ENSG00000136158,SPRY2,O43597,1,315,False,315
394,ENSG00000164151,ICE1,Q9Y2F5,0,2266,True,1022
395,ENSG00000138435,CHRNA1,P02708,0,457,False,457
396,ENSG00000175806,MSRA,Q9UJ68,1,235,False,235
397,ENSG00000149294,NCAM1,P13591,1,858,False,858
398,ENSG00000180053,NKX2-6,A6NCS4,1,301,False,301
399,ENSG00000163608,NEPRO,Q6NW34,0,567,False,567
400,ENSG00000109670,FBXW7,Q969H0,1,707,False,707
401,ENSG00000122550,KLHL7,Q8IXQ5,0,586,False,586
402,ENSG00000108387,SEPTIN4,O43236,0,996,False,996
403,ENSG00000152804,HHEX,Q03014,1,270,False,270
404,ENSG00000130414,NDUFA10,O95299,1,355,False,355
405,ENSG00000157322,CLEC18A,A5D8T8,0,446,False,446
406,ENSG00000004779,NDUFAB1,O14561,1,156,False,156
407,ENSG00000085832,EPS15,P42566,0,896,False,896
408,ENSG00000184588,PDE4B,Q07343,1,736,False,736
409,ENSG00000197594,ENPP1,P22413,1,925,False,925
410,ENSG00000164796,CSMD3,Q7Z407,0,3707,True,1022
411,ENSG00000186517,ARHGAP30,Q7Z6I6,0,1101,True,1022
412,ENSG00000181378,CFAP65,Q6ZU64,0,1925,True,1022
413,ENSG00000064726,BTBD1,Q9H0C5,1,482,False,482
414,ENSG00000116273,PHF13,Q86YI8,1,300,False,300
415,ENSG00000151967,SCHIP1,P0DPB3,0,487,False,487
416,ENSG00000119913,TECTB,Q96PL2,0,329,False,329
417,ENSG00000095951,HIVEP1,P15822,0,2718,True,1022
418,ENSG00000162924,REL,Q04864,1,619,False,619
419,ENSG00000135314,KHDC1,Q4VXA5,0,237,False,237
420,ENSG00000172673,THEMIS,Q8N1K5,1,641,False,641
421,ENSG00000118520,ARG1,P05089,1,322,False,322
422,ENSG00000164916,FOXK1,P85037,1,733,False,733
423,ENSG00000125450,NUP85,Q9BW27,0,656,False,656
424,ENSG00000152580,IGSF10,Q6WRI0,0,2623,True,1022
425,ENSG00000242498,ARPIN,Q7Z6K5,1,226,False,226
426,ENSG00000188060,RAB42,Q8N4Z0,0,218,False,218
427,ENSG00000205356,TECPR1,Q7Z6L1,1,1165,True,1022
428,ENSG00000134363,FST,P19883,1,344,False,344
429,ENSG00000153815,CMIP,Q8IY22,1,773,False,773
430,ENSG00000215817,ZC3H11B,A0A1B0GTU1,1,805,False,805
431,ENSG00000006071,ABCC8,Q09428,1,1581,True,1022
432,ENSG00000125538,IL1B,P01584,1,269,False,269
433,ENSG00000100883,SRP54,P61011,1,504,False,504
434,ENSG00000006704,GTF2IRD1,Q9UHL9,1,959,False,959
435,ENSG00000077044,DGKD,Q16760,1,1214,True,1022
436,ENSG00000122068,FYTTD1,Q96QD9,0,318,False,318
437,ENSG00000172339,ALG14,Q96F25,0,216,False,216
438,ENSG00000035115,SH3YL1,Q96HL8,1,342,False,342
439,ENSG00000253767,PCDHGA8,Q9Y5G5,0,932,False,932
440,ENSG00000152669,CCNO,P22674,0,350,False,350
441,ENSG00000165583,SSX5,O60225,0,188,False,188
442,ENSG00000126856,PRDM7,Q9NQW5,0,492,False,492
443,ENSG00000058404,CAMK2B,Q13554,1,666,False,666
444,ENSG00000082438,COBLL1,Q53SF7,1,1128,True,1022
445,ENSG00000224960,PPP4R3C,Q6ZMV5,0,832,False,832
446,ENSG00000140859,KIFC3,Q9BVG8,0,833,False,833
447,ENSG00000129083,COPB1,P53618,1,953,False,953
448,ENSG00000116005,PCYOX1,Q9UHG3,0,505,False,505
449,ENSG00000173320,STOX2,Q9P2F5,0,926,False,926
450,ENSG00000158786,PLA2G2F,Q9BZM2,1,168,False,168
451,ENSG00000124194,GDAP1L1,Q96MZ0,1,367,False,367
452,ENSG00000176435,CLEC14A,Q86T13,1,490,False,490
453,ENSG00000149300,C11orf52,Q96A22,0,123,False,123
454,ENSG00000081189,MEF2C,Q06413,1,473,False,473
455,ENSG00000123200,ZC3H13,Q5T200,1,1668,True,1022
456,ENSG00000164182,NDUFAF2,Q8N183,1,169,False,169
457,ENSG00000184371,CSF1,P09603,1,554,False,554
458,ENSG00000093010,COMT,P21964,1,271,False,271
459,ENSG00000167670,CHAF1A,Q13111,0,956,False,956
460,ENSG00000188747,NOXA1,Q86UR1,0,476,False,476
461,ENSG00000154975,CA10,Q9NS85,1,328,False,328
462,ENSG00000169194,IL13,P35225,1,146,False,146
463,ENSG00000113194,FAF2,Q96CS3,0,445,False,445
464,ENSG00000233917,POTEB,A0A0A6YYL3,0,544,False,544
465,ENSG00000144591,GMPPA,Q96IJ6,0,420,False,420
466,ENSG00000144724,PTPRG,P23470,1,1445,True,1022
467,ENSG00000165623,UCMA,Q8WVF2,1,138,False,138
468,ENSG00000136869,TLR4,O00206,1,839,False,839
469,ENSG00000170035,UBE2E3,Q969T4,1,207,False,207
470,ENSG00000221955,SLC12A8,A0AV02,1,714,False,714
471,ENSG00000184999,SLC22A10,Q63ZE4,0,541,False,541
472,ENSG00000278259,MYO19,Q96H55,1,970,False,970
473,ENSG00000175395,ZNF25,P17030,0,456,False,456
474,ENSG00000130713,EXOSC2,Q13868,0,293,False,293
475,ENSG00000143107,FNDC7,Q5VTL7,0,733,False,733
476,ENSG00000164604,GPR85,P60893,0,370,False,370
477,ENSG00000105464,GRIN2D,O15399,0,1336,True,1022
478,ENSG00000279270,OR52R1,Q8NGF1,0,315,False,315
479,ENSG00000172817,CYP7B1,O75881,1,506,False,506
480,ENSG00000147874,HAUS6,Q7Z4H7,1,955,False,955
481,ENSG00000155096,AZIN1,O14977,1,448,False,448
482,ENSG00000011523,CEP68,Q76N32,1,757,False,757
483,ENSG00000158683,PKD1L1,Q8TDX9,0,2849,True,1022
484,ENSG00000205777,GAGE1,P0DTW1,0,117,False,117
485,ENSG00000138829,FBN2,P35556,1,2912,True,1022
486,ENSG00000146267,FAXC,Q5TGI0,0,409,False,409
487,ENSG00000167772,ANGPTL4,Q9BY76,1,406,False,406
488,ENSG00000136560,TANK,Q92844,1,425,False,425
489,ENSG00000196428,TSC22D2,O75157,1,780,False,780
490,ENSG00000131778,CHD1L,Q86WJ1,1,897,False,897
491,ENSG00000166348,USP54,Q70EL1,0,1684,True,1022
492,ENSG00000139990,DCAF5,Q96JK2,1,942,False,942
493,ENSG00000150867,PIP4K2A,P48426,1,406,False,406
494,ENSG00000138641,HERC3,Q15034,0,1050,True,1022
495,ENSG00000165076,PRSS37,A4D1T9,0,235,False,235
496,ENSG00000091157,WDR7,Q9Y4E6,1,1490,True,1022
497,ENSG00000147381,MAGEA4,P43358,0,317,False,317
498,ENSG00000186951,PPARA,Q07869,1,468,False,468
499,ENSG00000149596,JPH2,Q9BR39,1,696,False,696
500,ENSG00000135547,HEY2,Q9UBP5,1,337,False,337
501,ENSG00000126216,TUBGCP3,Q96CW5,0,907,False,907
502,ENSG00000227124,ZNF717,Q9BY31,0,914,False,914
503,ENSG00000149948,HMGA2,P52926,1,109,False,109
504,ENSG00000163623,NKX6-1,P78426,1,367,False,367
505,ENSG00000106689,LHX2,P50458,1,406,False,406
506,ENSG00000134138,MEIS2,O14770,0,477,False,477
507,ENSG00000188263,IL17REL,Q6ZVW7,1,507,False,507
508,ENSG00000148584,A1CF,Q9NQ94,1,594,False,594
509,ENSG00000186687,LYRM7,Q5U5X0,0,104,False,104
510,ENSG00000112164,GLP1R,P43220,1,463,False,463
511,ENSG00000156675,RAB11FIP1,Q6WKZ4,0,1283,True,1022
512,ENSG00000187003,ACTL7A,Q9Y615,0,435,False,435
513,ENSG00000145675,PIK3R1,P27986,1,724,False,724
514,ENSG00000047188,YTHDC2,Q9H6S0,1,1430,True,1022
515,ENSG00000136521,NDUFB5,O43674,1,189,False,189
516,ENSG00000149201,CCDC81,Q6ZN84,0,652,False,652
517,ENSG00000092978,GPATCH2,Q9NW75,0,528,False,528
518,ENSG00000169026,SLC49A3,Q6UXD7,0,560,False,560
519,ENSG00000112996,MRPS30,Q9NP92,1,439,False,439
520,ENSG00000101247,NDUFAF5,Q5TEU4,0,345,False,345
521,ENSG00000177483,RBM44,Q6ZP01,0,1051,True,1022
522,ENSG00000138814,PPP3CA,Q08209,1,521,False,521
523,ENSG00000160570,DEDD2,Q8WXF8,0,326,False,326
524,ENSG00000162222,TTC9C,Q8N5M4,0,171,False,171
525,ENSG00000119682,AREL1,O15033,0,823,False,823
526,ENSG00000151577,DRD3,P35462,1,400,False,400
527,ENSG00000159640,ACE,P12821,1,1306,True,1022
528,ENSG00000197296,FITM2,Q8N6M3,1,262,False,262
529,ENSG00000102313,ITIH6,Q6UXX5,0,1313,True,1022
530,ENSG00000066629,EML1,O00423,0,815,False,815
531,ENSG00000204779,FOXD4L5,Q5VV16,0,416,False,416
532,ENSG00000185627,PSMD13,Q9UNM6,0,376,False,376
533,ENSG00000179918,SEPHS2,Q99611,0,447,False,447
534,ENSG00000147650,LRP12,Q9Y561,1,859,False,859
535,ENSG00000128610,FEZF1,A0PJY2,1,475,False,475
536,ENSG00000176809,LRRC37A3,O60309,0,1634,True,1022
537,ENSG00000125831,CST11,Q9H112,0,138,False,138
538,ENSG00000138769,CDKL2,Q92772,1,493,False,493
539,ENSG00000106392,C1GALT1,Q9NS00,1,363,False,363
540,ENSG00000069018,TRPC7,Q9HCX4,0,862,False,862
541,ENSG00000074047,GLI2,P10070,1,1586,True,1022
542,ENSG00000126461,SCAF1,Q9H7N4,0,1312,True,1022
543,ENSG00000196353,CPNE4,Q96A23,1,557,False,557
544,ENSG00000036549,ZZZ3,Q8IYH5,0,903,False,903
545,ENSG00000177047,IFNW1,P05000,0,195,False,195
546,ENSG00000219481,NBPF1,Q3BBV0,0,1214,True,1022
547,ENSG00000036257,CUL3,Q13618,0,768,False,768
548,ENSG00000090612,ZNF268,Q14587,1,947,False,947
549,ENSG00000276644,DACH1,Q9UI36,1,758,False,758
550,ENSG00000165006,UBAP1,Q9NZ09,1,502,False,502
551,ENSG00000158669,GPAT4,Q86UL3,1,456,False,456
552,ENSG00000130829,DUSP9,Q99956,1,384,False,384
553,ENSG00000090905,TNRC6A,Q8NDV7,1,1962,True,1022
554,ENSG00000173678,SPDYE2B,A6NHP3,0,402,False,402
555,ENSG00000112561,TFEB,P19484,1,476,False,476
556,ENSG00000175697,GPR156,Q8NFN8,0,814,False,814
557,ENSG00000097096,SYDE2,Q5VT97,0,1194,True,1022
558,ENSG00000198081,ZBTB14,O43829,0,449,False,449
559,ENSG00000137731,FXYD2,P54710,1,66,False,66
560,ENSG00000171649,ZIK1,Q3SY52,0,487,False,487
561,ENSG00000111424,VDR,P11473,1,427,False,427
562,ENSG00000154478,GPR26,Q8NDV2,1,337,False,337
563,ENSG00000198695,MT-ND6,P03923,1,174,False,174
564,ENSG00000111727,HCFC2,Q9Y5Z7,0,792,False,792
565,ENSG00000140443,IGF1R,P08069,1,1367,True,1022
566,ENSG00000122390,NAA60,Q9H7X0,0,242,False,242
567,ENSG00000185008,ROBO2,Q9HCK4,1,1378,True,1022
568,ENSG00000102891,MT4,P47944,0,62,False,62
569,ENSG00000178809,TRIM73,Q86UV7,0,250,False,250
570,ENSG00000001629,ANKIB1,Q9P2G1,0,1089,True,1022
571,ENSG00000148123,PLPPR1,Q8TBJ4,1,325,False,325
572,ENSG00000171988,JMJD1C,Q15652,1,2540,True,1022
573,ENSG00000172399,MYOZ2,Q9NPC6,1,264,False,264
574,ENSG00000140368,PSTPIP1,O43586,1,416,False,416
575,ENSG00000175894,TSPEAR,Q8WU66,0,669,False,669
576,ENSG00000146477,SLC22A3,O75751,1,556,False,556
577,ENSG00000009950,MLXIPL,Q9NP71,1,852,False,852
578,ENSG00000171346,KRT15,P19012,0,456,False,456
579,ENSG00000168214,RBPJ,Q06330,1,500,False,500
580,ENSG00000198018,ENTPD7,Q9NQZ7,0,604,False,604
581,ENSG00000113161,HMGCR,P04035,1,888,False,888
582,ENSG00000168734,PKIG,Q9Y2B9,1,76,False,76
583,ENSG00000205978,NYNRIN,Q9P2P1,1,1898,True,1022
584,ENSG00000107651,SEC23IP,Q9Y6Y8,1,1000,False,1000
585,ENSG00000183801,OLFML1,Q6UWY5,0,402,False,402
586,ENSG00000162702,ZNF281,Q9Y2X9,1,895,False,895
587,ENSG00000184752,NDUFA12,Q9UI09,1,145,False,145
588,ENSG00000175745,NR2F1,P10589,1,423,False,423
589,ENSG00000160299,PCNT,O95613,1,3336,True,1022
590,ENSG00000172461,FUT9,Q9Y231,0,359,False,359
591,ENSG00000185988,PLK5,Q496M5,0,336,False,336
592,ENSG00000196505,GDAP2,Q9NXN4,0,497,False,497
593,ENSG00000122971,ACADS,P16219,1,412,False,412
594,ENSG00000150681,RGS18,Q9NS28,0,235,False,235
595,ENSG00000162413,KLHL21,Q9UJP4,1,597,False,597
596,ENSG00000182450,KCNK4,Q9NYG8,0,393,False,393
597,ENSG00000169554,ZEB2,O60315,1,1214,True,1022
598,ENSG00000088387,DOCK9,Q9BZ29,0,2069,True,1022
599,ENSG00000198934,MAGEE1,Q9HCI5,0,957,False,957
600,ENSG00000133794,BMAL1,O00327,1,626,False,626
601,ENSG00000079308,TNS1,Q9HBL0,1,1839,True,1022
602,ENSG00000118432,CNR1,P21554,1,472,False,472
603,ENSG00000198420,TCAF1,Q9Y4C2,0,921,False,921
604,ENSG00000102221,JADE3,Q92613,0,823,False,823
605,ENSG00000172046,USP19,O94966,0,1318,True,1022
606,ENSG00000088876,ZNF343,Q6P1L6,0,599,False,599
607,ENSG00000162069,BICDL2,A1A5D9,0,508,False,508
608,ENSG00000165899,OTOGL,Q3ZCN5,0,2353,True,1022
609,ENSG00000139180,NDUFA9,Q16795,1,377,False,377
610,ENSG00000016082,ISL1,P61371,1,349,False,349
611,ENSG00000125975,C20orf173,Q96LM9,0,149,False,149
612,ENSG00000158716,DUSP23,Q9BVJ7,0,150,False,150
613,ENSG00000185950,IRS2,Q9Y4H2,1,1338,True,1022
614,ENSG00000163104,SMARCAD1,Q9H4L7,1,1026,True,1022
615,ENSG00000049192,ADAMTS6,Q9UKP5,0,1117,True,1022
616,ENSG00000150347,ARID5B,Q14865,1,1188,True,1022
617,ENSG00000181192,DHTKD1,Q96HY7,1,919,False,919
618,ENSG00000120333,MRPS14,O60783,0,128,False,128
619,ENSG00000035720,STAP1,Q9ULZ2,0,295,False,295
620,ENSG00000170961,HAS2,Q92819,1,552,False,552
621,ENSG00000168653,NDUFS5,O43920,1,106,False,106
622,ENSG00000213918,DNASE1,P24855,1,282,False,282
623,ENSG00000283988,TAF11L9,A0A1W2PR64,0,198,False,198
624,ENSG00000147697,GSDMC,Q9BYG8,0,508,False,508
625,ENSG00000118156,ZNF541,Q9H0D2,0,1346,True,1022
626,ENSG00000066735,KIF26A,Q9ULI4,1,1882,True,1022
627,ENSG00000100796,PPP4R3A,Q6IN85,1,833,False,833
628,ENSG00000187546,AGMO,Q6ZNB7,1,445,False,445
629,ENSG00000179044,EXOC3L1,Q86VI1,0,746,False,746
630,ENSG00000140990,NDUFB10,O96000,1,172,False,172
631,ENSG00000171056,SOX7,Q9BT81,1,388,False,388
632,ENSG00000090316,MAEA,Q7L5Y9,1,396,False,396
633,ENSG00000164588,HCN1,O60741,1,890,False,890
634,ENSG00000214940,NPIPA8,P0DM63,0,369,False,369
635,ENSG00000147654,EBAG9,O00559,0,213,False,213
636,ENSG00000146966,DENND2A,Q9ULE3,0,1009,False,1009
637,ENSG00000078328,RBFOX1,Q9NWB1,1,397,False,397
638,ENSG00000156466,GDF6,Q6KF10,1,455,False,455
639,ENSG00000152078,TLCD4,Q96MV1,0,263,False,263
640,ENSG00000204279,PAGE3,Q5JUK9,0,113,False,113
641,ENSG00000167986,DDB1,Q16531,0,1140,True,1022
642,ENSG00000101435,CST9L,Q9H4G1,0,147,False,147
643,ENSG00000156219,ART3,Q13508,1,389,False,389
644,ENSG00000172572,PDE3A,Q14432,1,1141,True,1022
645,ENSG00000155324,GRAMD2B,Q96HH9,1,432,False,432
646,ENSG00000155034,FBXL18,Q96ME1,0,718,False,718
647,ENSG00000170854,RIOX2,Q8IUF8,0,465,False,465
648,ENSG00000169181,GSG1L,Q6UXU4,0,331,False,331
649,ENSG00000103544,VPS35L,Q7Z3J2,0,963,False,963
650,ENSG00000090989,EXOC1,Q9NV70,0,894,False,894
651,ENSG00000089063,TMEM230,Q96A57,0,120,False,120
652,ENSG00000189056,RELN,P78509,1,3460,True,1022
653,ENSG00000007171,NOS2,P35228,1,1153,True,1022
654,ENSG00000188211,NCR3LG1,Q68D85,1,454,False,454
655,ENSG00000092621,PHGDH,O43175,1,533,False,533
656,ENSG00000227268,KLLN,B2CW77,1,178,False,178
657,ENSG00000149716,LTO1,Q8WV07,1,137,False,137
658,ENSG00000112640,PPP2R5D,Q14738,0,602,False,602
659,ENSG00000184983,NDUFA6,P56556,1,128,False,128
660,ENSG00000105726,ATP13A1,Q9HD20,0,1204,True,1022
661,ENSG00000244607,CCDC13,Q8IYE1,0,715,False,715
662,ENSG00000287363,CIMIP3,X6R8D5,0,112,False,112
663,ENSG00000169344,UMOD,P07911,1,640,False,640
664,ENSG00000241878,PISD,Q9UG56,1,409,False,409
665,ENSG00000165626,BEND7,Q8N7W2,1,413,False,413
666,ENSG00000176697,BDNF,P23560,1,247,False,247
667,ENSG00000169857,AVEN,Q9NQS1,0,362,False,362
668,ENSG00000170234,PWWP2A,Q96N64,0,755,False,755
669,ENSG00000196131,VN1R2,Q8NFZ6,0,395,False,395
670,ENSG00000159199,ATP5MC1,P05496,1,136,False,136
671,ENSG00000053254,FOXN3,O00409,1,490,False,490
672,ENSG00000003393,ALS2,Q96Q42,0,1657,True,1022
673,ENSG00000089250,NOS1,P29475,1,1434,True,1022
674,ENSG00000173239,LIPM,Q5VYY2,0,423,False,423
675,ENSG00000131724,IL13RA1,P78552,1,427,False,427
676,ENSG00000161682,FAM171A2,A8MVW0,0,826,False,826
677,ENSG00000156802,ATAD2,Q6PL18,0,1390,True,1022
678,ENSG00000159714,ZDHHC1,Q8WTX9,0,485,False,485
679,ENSG00000137872,SEMA6D,Q8NFY4,0,1073,True,1022
680,ENSG00000196683,TOMM7,Q9P0U1,1,55,False,55
681,ENSG00000132842,AP3B1,O00203,1,1094,True,1022
682,ENSG00000147684,NDUFB9,Q9Y6M9,1,179,False,179
683,ENSG00000224578,HNRNPA1L3,A0A2R8Y4L2,0,320,False,320
684,ENSG00000204851,PNMA8B,Q9ULN7,0,635,False,635
685,ENSG00000075420,FNDC3B,Q53EP0,1,1204,True,1022
686,ENSG00000160194,NDUFV3,P56181,1,108,False,108
687,ENSG00000139718,SETD1B,Q9UPS6,0,1966,True,1022
688,ENSG00000139880,CDH24,Q86UP0,0,819,False,819
689,ENSG00000166881,NEMP1,O14524,0,444,False,444
690,ENSG00000147883,CDKN2B,P42772,1,138,False,138
691,ENSG00000268235,TCP11X1,B4DZS4,0,502,False,502
692,ENSG00000101052,IFT52,Q9Y366,1,437,False,437
693,ENSG00000162104,ADCY9,O60503,1,1353,True,1022
694,ENSG00000128609,NDUFA5,Q16718,1,116,False,116
695,ENSG00000198131,ZNF544,Q6NX49,0,715,False,715
696,ENSG00000137571,SLCO5A1,Q9H2Y9,0,848,False,848
697,ENSG00000145431,PDGFC,Q9NRA1,1,345,False,345
698,ENSG00000122257,RBBP6,Q7Z6E9,0,1792,True,1022
699,ENSG00000069493,CLEC2D,Q9UHP7,0,191,False,191
700,ENSG00000106328,FSCN3,Q9NQT6,1,498,False,498
701,ENSG00000143340,FAM163A,Q96GL9,0,167,False,167
702,ENSG00000146166,LGSN,Q5TDP6,1,509,False,509
703,ENSG00000213445,SIPA1,Q96FS4,1,1042,True,1022
704,ENSG00000110066,KMT5B,Q4FZB7,0,885,False,885
705,ENSG00000151131,NOPCHAP1,Q8N5I9,0,185,False,185
706,ENSG00000150593,PDCD4,Q53EL6,1,469,False,469
707,ENSG00000157734,SNX22,Q96L94,0,193,False,193
708,ENSG00000141965,FEM1A,Q9BSK4,0,669,False,669
709,ENSG00000160447,PKN3,Q6P5Z2,0,889,False,889
710,ENSG00000118257,NRP2,O60462,1,931,False,931
711,ENSG00000086232,EIF2AK1,Q9BQI3,0,630,False,630
712,ENSG00000185453,ZSWIM9,Q86XI8,0,627,False,627
713,ENSG00000110871,COQ5,Q5HYK3,0,327,False,327
714,ENSG00000151445,VIPAS39,Q9H9C1,0,493,False,493
715,ENSG00000064703,DDX20,Q9UHI6,1,824,False,824
716,ENSG00000253953,PCDHGB4,Q9UN71,0,923,False,923
717,ENSG00000162631,NTNG1,Q9Y2I2,1,539,False,539
718,ENSG00000036828,CASR,P41180,1,1078,True,1022
719,ENSG00000172766,NAA16,Q6N069,0,864,False,864
720,ENSG00000112787,FBRSL1,Q9HCM7,1,1045,True,1022
721,ENSG00000179361,ARID3B,Q8IVW6,0,561,False,561
722,ENSG00000165392,WRN,Q14191,1,1432,True,1022
723,ENSG00000177414,UBE2U,Q5VVX9,0,321,False,321
724,ENSG00000204634,TBC1D8,O95759,0,1140,True,1022
725,ENSG00000186075,ZPBP2,Q6X784,0,338,False,338
726,ENSG00000187537,POTEG,Q6S5H5,0,508,False,508
727,ENSG00000204514,ZNF814,B7Z6K7,0,855,False,855
728,ENSG00000018625,ATP1A2,P50993,1,1020,False,1020
729,ENSG00000115286,NDUFS7,O75251,1,213,False,213
730,ENSG00000076826,CAMSAP3,Q9P1Y5,0,1249,True,1022
731,ENSG00000184640,SEPTIN9,Q9UHD8,1,586,False,586
732,ENSG00000151276,MAGI1,Q96QZ7,1,1491,True,1022
733,ENSG00000103811,CTSH,P09668,1,335,False,335
734,ENSG00000120008,WDR11,Q9BZH6,1,1224,True,1022
735,ENSG00000138760,SCARB2,Q14108,1,478,False,478
736,ENSG00000267680,ZNF224,Q9NZL3,0,707,False,707
737,ENSG00000152969,JAKMIP1,Q96N16,1,626,False,626
738,ENSG00000091831,ESR1,P03372,1,595,False,595
739,ENSG00000107201,RIGI,O95786,1,925,False,925
740,ENSG00000064651,SLC12A2,P55011,1,1212,True,1022
741,ENSG00000147596,PRDM14,Q9GZV8,1,571,False,571
742,ENSG00000134460,IL2RA,P01589,1,272,False,272
743,ENSG00000134153,EMC7,Q9NPA0,0,242,False,242
744,ENSG00000060069,CTDP1,Q9Y5B0,0,961,False,961
745,ENSG00000186889,TMEM17,Q86X19,1,198,False,198
746,ENSG00000133812,SBF2,Q86WG5,1,1849,True,1022
747,ENSG00000148399,DPH7,Q9BTV6,0,452,False,452
748,ENSG00000157837,SPPL3,Q8TCT6,1,384,False,384
749,ENSG00000173838,MARCHF10,Q8NA82,0,808,False,808
750,ENSG00000109182,CWH43,Q9H720,1,699,False,699
751,ENSG00000125733,TRIP10,Q15642,0,601,False,601
752,ENSG00000136997,MYC,P01106,1,454,False,454
753,ENSG00000135253,KCP,Q6ZWJ8,0,1568,True,1022
754,ENSG00000001626,CFTR,P13569,1,1480,True,1022
755,ENSG00000214309,MBLAC1,A4D2B0,0,266,False,266
756,ENSG00000145730,PAM,P19021,1,973,False,973
757,ENSG00000132972,RNF17,Q9BXT8,0,1623,True,1022
758,ENSG00000234409,CCDC188,H7C350,0,402,False,402
759,ENSG00000110077,MS4A6A,Q9H2W1,0,248,False,248
760,ENSG00000064205,CCN5,O76076,1,250,False,250
761,ENSG00000182359,KBTBD3,Q8NAB2,0,612,False,612
762,ENSG00000165521,EML5,Q05BV3,1,1969,True,1022
763,ENSG00000095587,TLL2,Q9Y6L7,0,1015,False,1015
764,ENSG00000106331,PAX4,O43316,1,350,False,350
765,ENSG00000197355,UAP1L1,Q3KQV9,0,507,False,507
766,ENSG00000172995,ARPP21,Q9UBL0,1,812,False,812
767,ENSG00000132259,CNGA4,Q8IV77,0,575,False,575
768,ENSG00000143847,PPFIA4,O75335,0,1185,True,1022
769,ENSG00000016490,CLCA1,A8K7I4,0,914,False,914
770,ENSG00000091986,CCDC80,Q76M96,0,950,False,950
771,ENSG00000196284,SUPT3H,O75486,0,317,False,317
772,ENSG00000165164,CFAP47,Q6ZTR5,0,3187,True,1022
773,ENSG00000154144,TBRG1,Q3YBR2,0,411,False,411
774,ENSG00000151883,PARP8,Q8N3A8,1,854,False,854
775,ENSG00000129450,SIGLEC9,Q9Y336,0,463,False,463
776,ENSG00000250305,TRMT9B,Q9P272,1,454,False,454
777,ENSG00000135540,NHSL1,Q5SYE7,1,1610,True,1022
778,ENSG00000140961,OSGIN1,Q9UJX0,1,477,False,477
779,ENSG00000086758,HUWE1,Q7Z6Z7,1,4374,True,1022
780,ENSG00000090539,CHRD,Q9H2X0,0,955,False,955
781,ENSG00000221818,EBF2,Q9HAK2,1,575,False,575
782,ENSG00000131495,NDUFA2,O43678,1,99,False,99
783,ENSG00000132846,ZBED3,Q96IU2,1,234,False,234
784,ENSG00000196700,ZNF512B,Q96KM6,0,892,False,892
785,ENSG00000185920,PTCH1,Q13635,1,1447,True,1022
786,ENSG00000162441,LZIC,Q8WZA0,0,190,False,190
787,ENSG00000154832,CXXC1,Q9P0U4,0,656,False,656
788,ENSG00000002726,AOC1,P19801,1,751,False,751
789,ENSG00000189144,ZNF573,Q86YE8,0,665,False,665
790,ENSG00000173013,CFAP184,Q2M329,0,555,False,555
791,ENSG00000175893,ZDHHC21,Q8IVQ6,0,265,False,265
792,ENSG00000021762,OSBPL5,Q9H0X9,0,879,False,879
793,ENSG00000157150,TIMP4,Q99727,1,224,False,224
794,ENSG00000174173,TRMT10C,Q7L0Y3,0,403,False,403
795,ENSG00000127663,KDM4B,O94953,1,1096,True,1022
796,ENSG00000168491,CCDC110,Q8TBZ0,0,833,False,833
797,ENSG00000171634,BPTF,Q12830,1,3046,True,1022
798,ENSG00000108175,ZMIZ1,Q9ULJ6,1,1067,True,1022
799,ENSG00000135723,FHOD1,Q9Y613,0,1164,True,1022
800,ENSG00000141665,FBXO15,Q8NCQ5,0,510,False,510
801,ENSG00000116668,SWT1,Q5T5J6,0,900,False,900
802,ENSG00000123609,NMI,Q13287,1,307,False,307
803,ENSG00000185104,FAF1,Q9UNN5,1,650,False,650
804,ENSG00000169903,TM4SF4,P48230,1,202,False,202
805,ENSG00000133116,KL,Q9UEF7,1,1012,False,1012
806,ENSG00000214300,SPDYE3,A6NKU9,0,549,False,549
807,ENSG00000164045,CDC25A,P30304,1,524,False,524
808,ENSG00000075643,MOCOS,Q96EN8,0,888,False,888
809,ENSG00000035499,DEPDC1B,Q8WUY9,0,529,False,529
810,ENSG00000235106,BRD3OS,A0A1B0GUI7,1,84,False,84
811,ENSG00000074211,PPP2R2C,Q9Y2T4,1,447,False,447
812,ENSG00000010310,GIPR,P48546,1,466,False,466
813,ENSG00000096996,IL12RB1,P42701,0,662,False,662
814,ENSG00000168275,COA6,Q5JTJ3,0,125,False,125
815,ENSG00000130720,FIBCD1,Q8N539,1,461,False,461
816,ENSG00000054803,CBLN4,Q9NTU7,1,201,False,201
817,ENSG00000148429,USP6NL,Q92738,0,828,False,828
818,ENSG00000090402,SI,P14410,1,1827,True,1022
819,ENSG00000132329,RAMP1,O60894,1,148,False,148
820,ENSG00000180176,TH,P07101,1,528,False,528
821,ENSG00000187416,LHFPL3,Q86UP9,1,236,False,236
822,ENSG00000134250,NOTCH2,Q04721,1,2471,True,1022
823,ENSG00000183644,HOATZ,Q6PI97,0,169,False,169
824,ENSG00000074370,ATP2A3,Q93084,1,999,False,999
825,ENSG00000153214,TMEM87B,Q96K49,1,555,False,555
826,ENSG00000100485,SOS2,Q07890,1,1332,True,1022
827,ENSG00000137809,ITGA11,Q9UKX5,1,1188,True,1022
828,ENSG00000128313,APOL5,Q9BWW9,0,433,False,433
829,ENSG00000113360,DROSHA,Q9NRR4,0,1374,True,1022
830,ENSG00000174327,SLC16A13,Q7RTY0,1,426,False,426
831,ENSG00000134640,MTNR1B,P49286,1,362,False,362
832,ENSG00000141424,SLC39A6,Q13433,0,755,False,755
833,ENSG00000169313,P2RY12,Q9H244,1,342,False,342
834,ENSG00000110436,SLC1A2,P43004,1,574,False,574
835,ENSG00000154262,ABCA6,Q8N139,0,1617,True,1022
836,ENSG00000105738,SIPA1L3,O60292,0,1781,True,1022
837,ENSG00000135100,HNF1A,P20823,1,631,False,631
838,ENSG00000179195,ZNF664,Q8N3J9,1,261,False,261
839,ENSG00000132446,FTHL17,Q9BXU8,0,183,False,183
840,ENSG00000095015,MAP3K1,Q13233,1,1512,True,1022
841,ENSG00000197779,ZNF81,P51508,0,661,False,661
842,ENSG00000160360,GPSM1,Q86YR5,1,675,False,675
843,ENSG00000198865,CCDC152,Q4G0S7,0,254,False,254
844,ENSG00000169744,LDB2,O43679,1,373,False,373
845,ENSG00000172260,NEGR1,Q7Z3B1,1,354,False,354
846,ENSG00000103540,CCP110,O43303,0,1012,False,1012
847,ENSG00000188483,IER5L,Q5T953,0,404,False,404
848,ENSG00000116819,TFAP2E,Q6VUC0,0,442,False,442
849,ENSG00000198837,DENND4B,O75064,0,1496,True,1022
850,ENSG00000276040,SPATA31A7,Q8IWB4,0,1347,True,1022
851,ENSG00000101333,PLCB4,Q15147,0,1175,True,1022
852,ENSG00000116678,LEPR,P48357,1,1165,True,1022
853,ENSG00000119421,NDUFA8,P51970,1,172,False,172
854,ENSG00000073756,PTGS2,P35354,1,604,False,604
855,ENSG00000276581,SPATA31A5,Q5VU36,0,1347,True,1022
856,ENSG00000160563,MED27,Q6P2C8,1,311,False,311
857,ENSG00000198890,PRMT6,Q96LA8,1,375,False,375
858,ENSG00000162377,COA7,Q96BR5,0,231,False,231
859,ENSG00000102572,STK24,Q9Y6E0,1,443,False,443
860,ENSG00000002822,MAD1L1,Q9Y6D9,1,718,False,718
861,ENSG00000196684,HSH2D,Q96JZ2,0,352,False,352
862,ENSG00000171133,OR2K2,Q8NGT1,0,316,False,316
863,ENSG00000078674,PCM1,Q15154,1,2024,True,1022
864,ENSG00000184384,MAML2,Q8IZL2,1,1156,True,1022
865,ENSG00000215644,GCGR,P47871,1,477,False,477
866,ENSG00000133195,SLC39A11,Q8N1S5,1,342,False,342
867,ENSG00000258890,CEP95,Q96GE4,0,821,False,821
868,ENSG00000111252,SH2B3,Q9UQQ2,1,575,False,575
869,ENSG00000160072,ATAD3B,Q5T9A4,0,648,False,648
870,ENSG00000128482,RNF112,Q9ULX5,0,631,False,631
871,ENSG00000196570,PFN3,P60673,0,137,False,137
872,ENSG00000213949,ITGA1,P56199,1,1179,True,1022
873,ENSG00000152217,SETBP1,Q9Y6X0,1,1596,True,1022
874,ENSG00000126773,PCNX4,Q63HM2,0,1172,True,1022
875,ENSG00000086102,NFX1,Q12986,0,1120,True,1022
876,ENSG00000162676,GFI1,Q99684,1,422,False,422
877,ENSG00000189139,FSCB,Q5H9T9,0,825,False,825
878,ENSG00000135426,TESPA1,A2RU30,0,521,False,521
879,ENSG00000168769,TET2,Q6N021,1,2002,True,1022
880,ENSG00000135454,B4GALNT1,Q00973,0,533,False,533
881,ENSG00000021300,PLEKHB1,Q9UF11,0,243,False,243
882,ENSG00000171791,BCL2,P10415,1,239,False,239
883,ENSG00000175445,LPL,P06858,1,475,False,475
884,ENSG00000154359,LONRF1,Q17RB8,1,773,False,773
885,ENSG00000100565,LRRC74A,Q0VAA2,1,488,False,488
886,ENSG00000244405,ETV5,P41161,1,510,False,510
887,ENSG00000128731,HERC2,O95714,0,4834,True,1022
888,ENSG00000187017,ESPN,B1AK53,0,854,False,854
889,ENSG00000269713,NBPF9,P0DPF3,0,1111,True,1022
890,ENSG00000157895,C12orf43,Q96C57,1,262,False,262
891,ENSG00000115970,THADA,Q6YHU6,1,1953,True,1022
892,ENSG00000253250,C8orf88,P0DMB2,0,117,False,117
893,ENSG00000187626,ZKSCAN4,Q969J2,0,545,False,545
894,ENSG00000135114,OASL,Q15646,1,514,False,514
895,ENSG00000135333,EPHA7,Q15375,0,998,False,998
896,ENSG00000198056,PRIM1,P49642,1,420,False,420
897,ENSG00000144406,UNC80,Q8N2C7,0,3258,True,1022
898,ENSG00000151726,ACSL1,P33121,1,698,False,698
899,ENSG00000189182,KRT77,Q7Z794,0,578,False,578
900,ENSG00000204086,RPA4,Q13156,0,261,False,261
901,ENSG00000189043,COXFA4,O00483,1,81,False,81
902,ENSG00000108557,RAI1,Q7Z5J4,1,1906,True,1022
903,ENSG00000197943,PLCG2,P16885,1,1265,True,1022
904,ENSG00000275410,HNF1B,P35680,1,557,False,557
905,ENSG00000129757,CDKN1C,P49918,1,316,False,316
906,ENSG00000158321,AUTS2,Q8WXX7,1,1259,True,1022
907,ENSG00000188869,TMC3,Q7Z5M5,0,1100,True,1022
908,ENSG00000180332,KCTD4,Q8WVF5,0,259,False,259
909,ENSG00000105397,TYK2,P29597,1,1187,True,1022
910,ENSG00000091704,CPA1,P15085,1,419,False,419
911,ENSG00000165966,PDZRN4,Q6ZMN7,1,1036,True,1022
912,ENSG00000075218,GTSE1,Q9NYZ3,0,739,False,739
913,ENSG00000111716,LDHB,P07195,1,334,False,334
914,ENSG00000153879,CEBPG,P53567,1,150,False,150
915,ENSG00000173253,DMRT2,Q9Y5R5,1,561,False,561
916,ENSG00000010818,HIVEP2,P31629,1,2446,True,1022
917,ENSG00000047932,GOPC,Q9HD26,1,462,False,462
918,ENSG00000100347,SAMM50,Q9Y512,1,469,False,469
919,ENSG00000046774,MAGEC2,Q9UBF1,0,373,False,373
920,ENSG00000129244,ATP1B2,P14415,1,290,False,290
921,ENSG00000136111,TBC1D4,O60343,1,1298,True,1022
922,ENSG00000168675,LDLRAD4,O15165,1,306,False,306
923,ENSG00000152409,JMY,Q8N9B5,1,988,False,988
924,ENSG00000181894,ZNF329,Q86UD4,0,541,False,541
925,ENSG00000122859,NEUROG3,Q9Y4Z2,1,214,False,214
926,ENSG00000214530,STARD10,Q9Y365,1,291,False,291
927,ENSG00000152954,NRSN1,Q8IZ57,0,195,False,195
928,ENSG00000185002,RFX6,Q8HWS3,1,928,False,928
929,ENSG00000104833,TUBB4A,P04350,0,444,False,444
930,ENSG00000123329,ARHGAP9,Q9BRR9,0,750,False,750
931,ENSG00000257017,HP,P00738,1,406,False,406
932,ENSG00000157933,SKI,P12755,1,728,False,728
933,ENSG00000095303,PTGS1,P23219,1,599,False,599
934,ENSG00000176658,MYO1D,O94832,0,1006,False,1006
935,ENSG00000183269,OR52E8,Q6IFG1,0,313,False,313
936,ENSG00000144891,AGTR1,P30556,1,359,False,359
937,ENSG00000172164,SNTB1,Q13884,1,538,False,538
938,ENSG00000198791,CNOT7,Q9UIV1,0,285,False,285
939,ENSG00000162490,DRAXIN,Q8NBI3,0,349,False,349
940,ENSG00000053918,KCNQ1,P51787,1,676,False,676
941,ENSG00000089177,KIF16B,Q96L93,0,1317,True,1022
942,ENSG00000183873,SCN5A,Q14524,1,2016,True,1022
943,ENSG00000196498,NCOR2,Q9Y618,1,2514,True,1022
944,ENSG00000144893,MED12L,Q86YW9,0,2145,True,1022
945,ENSG00000096654,ZNF184,Q99676,0,751,False,751
946,ENSG00000215421,ZNF407,Q9C0G0,0,2248,True,1022
947,ENSG00000120705,ETF1,P62495,0,437,False,437
948,ENSG00000166340,TPP1,O14773,0,563,False,563
949,ENSG00000174886,NDUFA11,Q86Y39,1,141,False,141
950,ENSG00000132938,MTUS2,Q5JR59,0,1369,True,1022
951,ENSG00000164366,CCDC127,Q96BQ5,0,260,False,260
952,ENSG00000101076,HNF4A,P41235,1,474,False,474
953,ENSG00000074657,ZNF532,Q9HCE3,0,1301,True,1022
954,ENSG00000178607,ERN1,O75460,1,977,False,977
955,ENSG00000197134,ZNF257,Q9Y2Q1,1,563,False,563
956,ENSG00000054983,GALC,P54803,0,685,False,685
957,ENSG00000165935,SMCO2,A6NFE2,1,343,False,343
958,ENSG00000128683,GAD1,Q99259,1,594,False,594
959,ENSG00000162398,CIMAP2,Q3ZCV2,0,418,False,418
960,ENSG00000164037,SLC9B1,Q4ZJI4,1,515,False,515
961,ENSG00000175946,KLHL38,Q2WGJ6,0,581,False,581
962,ENSG00000117000,RLF,Q13129,0,1914,True,1022
963,ENSG00000232388,SMIM26,A0A096LP01,0,95,False,95
964,ENSG00000172867,KRT2,P35908,0,639,False,639
965,ENSG00000158955,WNT9B,O14905,1,357,False,357
966,ENSG00000163811,WDR43,Q15061,0,677,False,677
967,ENSG00000187676,B3GLCT,Q6Y288,1,498,False,498
968,ENSG00000166860,ZBTB39,O15060,0,712,False,712
969,ENSG00000185633,COXFA4L2,Q9NRX3,1,87,False,87
970,ENSG00000081138,CDH7,Q9ULB5,1,785,False,785
971,ENSG00000176087,SLC35A4,Q96G79,0,324,False,324
972,ENSG00000168944,CEP120,Q8N960,1,986,False,986
973,ENSG00000244694,PTCHD4,Q6ZW05,0,846,False,846
974,ENSG00000176248,ANAPC2,Q9UJX6,0,822,False,822
975,ENSG00000100731,PCNX1,Q96RV3,0,2341,True,1022
976,ENSG00000139151,PLCZ1,Q86YW0,0,608,False,608
977,ENSG00000148600,CDHR1,Q96JP9,0,859,False,859
978,ENSG00000115290,GRB14,Q14449,1,540,False,540
979,ENSG00000117791,MTARC2,Q969Z3,0,335,False,335
980,ENSG00000134697,GNL2,Q13823,0,731,False,731
981,ENSG00000103351,CLUAP1,Q96AJ1,1,413,False,413
982,ENSG00000101421,CHMP4B,Q9H444,1,224,False,224
983,ENSG00000100012,SEC14L3,Q9UDX4,0,400,False,400
984,ENSG00000147548,NSD3,Q9BZ95,0,1437,True,1022
985,ENSG00000103111,MON1B,Q7L1V2,1,547,False,547
986,ENSG00000135862,LAMC1,P11047,1,1609,True,1022
987,ENSG00000132613,MTSS2,Q765P7,0,747,False,747
988,ENSG00000164742,ADCY1,Q08828,1,1119,True,1022
989,ENSG00000173930,SLCO4C1,Q6ZQN7,1,724,False,724
990,ENSG00000101213,PTK6,Q13882,0,451,False,451
991,ENSG00000115488,NEU2,Q9Y3R4,0,380,False,380
992,ENSG00000189045,ANKDD1B,A6NHY2,1,528,False,528
993,ENSG00000102984,ZNF821,O75541,0,412,False,412
994,ENSG00000182771,GRID1,Q9ULK0,1,1009,False,1009
995,ENSG00000176102,CSTF3,Q12996,0,717,False,717
996,ENSG00000151233,GXYLT1,Q4G148,0,440,False,440
997,ENSG00000164938,TP53INP1,Q96A56,1,240,False,240
998,ENSG00000100426,ZBED4,O75132,0,1171,True,1022
999,ENSG00000106070,GRB10,Q13322,1,594,False,594
1000,ENSG00000165685,TMEM52B,Q4KMG9,0,183,False,183
1001,ENSG00000188177,ZC3H6,P61129,0,1189,True,1022
1002,ENSG00000104081,BMF,Q96LC9,1,184,False,184
1003,ENSG00000184056,VPS33B,Q9H267,1,617,False,617
1004,ENSG00000136531,SCN2A,Q99250,1,2005,True,1022
1005,ENSG00000068024,HDAC4,P56524,1,1084,True,1022
1006,ENSG00000068796,KIF2A,O00139,0,706,False,706
1007,ENSG00000162378,ZYG11B,Q9C0D3,0,744,False,744
1008,ENSG00000132170,PPARG,P37231,1,505,False,505
1009,ENSG00000116260,QSOX1,O00391,0,747,False,747
1010,ENSG00000151612,ZNF827,Q17R98,0,1081,True,1022
1011,ENSG00000016602,CLCA4,Q14CN2,0,919,False,919
1012,ENSG00000121989,ACVR2A,P27037,1,513,False,513
1013,ENSG00000123453,SARDH,Q9UL12,1,918,False,918
1014,ENSG00000185345,PRKN,O60260,1,465,False,465
1015,ENSG00000129158,SERGEF,Q9UGK8,0,458,False,458
1016,ENSG00000133640,LRRIQ1,Q96JM4,0,1722,True,1022
1017,ENSG00000087269,NOP14,P78316,0,857,False,857
1018,ENSG00000178409,BEND3,Q5T5X7,1,828,False,828
1019,ENSG00000075884,ARHGAP15,Q53QZ3,0,475,False,475
1020,ENSG00000101639,CEP192,Q8TEP8,1,2537,True,1022
1021,ENSG00000101384,JAG1,P78504,1,1218,True,1022
1022,ENSG00000113240,CLK4,Q9HAZ1,0,481,False,481
1023,ENSG00000118503,TNFAIP3,P21580,1,790,False,790
1024,ENSG00000129595,EPB41L4A,Q9HCS5,1,686,False,686
1025,ENSG00000106638,TBL2,Q9Y4P3,1,447,False,447
1026,ENSG00000169047,IRS1,P35568,1,1242,True,1022
1027,ENSG00000102053,ZC3H12B,Q5HYM0,0,836,False,836
1028,ENSG00000198912,C1orf174,Q8IYL3,0,243,False,243
1029,ENSG00000168928,CTRB2,Q6GPI1,1,263,False,263
1030,ENSG00000146374,RSPO3,Q9BXY4,1,272,False,272
1031,ENSG00000178568,ERBB4,Q15303,1,1308,True,1022
1032,ENSG00000174137,FAM53A,Q6NSI3,1,398,False,398
1033,ENSG00000105135,ILVBL,A1L0T0,0,632,False,632
1034,ENSG00000139146,SINHCAF,Q9NP50,1,221,False,221
1035,ENSG00000009413,REV3L,O60673,1,3130,True,1022
1036,ENSG00000153094,BCL2L11,O43521,1,198,False,198
1037,ENSG00000215853,RPTN,Q6XPR3,0,784,False,784
1038,ENSG00000101417,PXMP4,Q9Y6I8,1,212,False,212
1039,ENSG00000120833,SOCS2,O14508,1,198,False,198
1040,ENSG00000127334,DYRK2,Q92630,1,601,False,601
1041,ENSG00000161618,ALDH16A1,Q8IZ83,0,802,False,802
1042,ENSG00000114439,BBX,Q8WY36,0,941,False,941
1043,ENSG00000173482,PTPRM,P28827,1,1452,True,1022
1044,ENSG00000126870,DYNC2I1,Q8WVS4,0,1066,True,1022
1045,ENSG00000168830,HTR1E,P28566,0,365,False,365
1046,ENSG00000184719,RNLS,Q5VYX0,1,342,False,342
1047,ENSG00000141564,RPTOR,Q8N122,1,1335,True,1022
1048,ENSG00000198919,DZIP3,Q86Y13,0,1208,True,1022
1049,ENSG00000176746,MAGEB6,Q8N7X4,0,407,False,407
1050,ENSG00000112530,PACRG,Q96M98,1,296,False,296
1051,ENSG00000167925,GHDC,Q8N2G8,0,530,False,530
1052,ENSG00000111879,FAM184A,Q8NB25,0,1140,True,1022
1053,ENSG00000145901,TNIP1,Q15025,1,636,False,636
1054,ENSG00000171862,PTEN,P60484,1,403,False,403
1055,ENSG00000131242,RAB11FIP4,Q86YS3,1,637,False,637
1056,ENSG00000136231,IGF2BP3,O00425,1,579,False,579
1057,ENSG00000132275,RRP8,O43159,0,456,False,456
1058,ENSG00000134897,BIVM,Q86UB2,0,503,False,503
1059,ENSG00000173431,RNASE8,Q8TDE3,0,154,False,154
1060,ENSG00000166436,TRIM66,O15016,1,1351,True,1022
1061,ENSG00000205129,CFAP96,A7E2U8,0,309,False,309
1062,ENSG00000169925,BRD3,Q15059,1,726,False,726
1063,ENSG00000168925,CTRB1,P17538,1,263,False,263
1064,ENSG00000083844,ZNF264,O43296,0,627,False,627
1065,ENSG00000022567,SLC45A4,Q5BKX6,0,768,False,768
1066,ENSG00000152684,PELO,Q9BRX2,1,385,False,385
1067,ENSG00000164002,EXO5,Q9H790,0,373,False,373
1068,ENSG00000203883,SOX18,P35713,0,384,False,384
1069,ENSG00000278311,GGNBP2,Q9H3C7,1,697,False,697
1070,ENSG00000138400,MDH1B,Q5I0G3,0,518,False,518
1071,ENSG00000197591,OR11L1,Q8NGX0,0,322,False,322
1072,ENSG00000158186,MRAS,O14807,1,208,False,208
1073,ENSG00000167363,FN3K,Q9H479,1,309,False,309
1074,ENSG00000123612,ACVR1C,Q8NER5,1,493,False,493
1075,ENSG00000158816,VWA5B1,Q5TIE3,1,1220,True,1022
1076,ENSG00000131196,NFATC1,O95644,1,943,False,943
1077,ENSG00000075891,PAX2,Q02962,1,417,False,417
1078,ENSG00000080293,SCTR,P47872,1,440,False,440
1079,ENSG00000196277,GRM7,Q14831,0,915,False,915
1080,ENSG00000166313,APBB1,O00213,0,710,False,710
1081,ENSG00000048405,ZNF800,Q2TB10,1,664,False,664
1082,ENSG00000012504,NR1H4,Q96RI1,1,486,False,486
1083,ENSG00000137860,SLC28A2,O43868,0,658,False,658
1084,ENSG00000106633,GCK,P35557,1,465,False,465
1085,ENSG00000147862,NFIB,O00712,1,420,False,420
1086,ENSG00000206432,TMEM200C,A6NKL6,0,621,False,621
1087,ENSG00000152214,RIT2,Q99578,1,217,False,217
1088,ENSG00000104976,SNAPC2,Q13487,1,334,False,334
1089,ENSG00000169760,NLGN1,Q8N2Q7,1,863,False,863
1090,ENSG00000198774,RASSF9,O75901,0,435,False,435
1091,ENSG00000158805,ZNF276,Q8N554,1,614,False,614
1092,ENSG00000070444,MNT,Q99583,1,582,False,582
1093,ENSG00000115159,GPD2,P43304,1,727,False,727
1094,ENSG00000153896,ZNF599,Q96NL3,0,588,False,588
1095,ENSG00000176222,ZNF404,Q494X3,0,552,False,552
1096,ENSG00000164304,CAGE1,Q8TC20,0,777,False,777
1097,ENSG00000101049,SGK2,Q9HBY8,1,367,False,367
1098,ENSG00000173145,NOC3L,Q8WTT2,0,800,False,800
1099,ENSG00000171970,ZNF57,Q68EA5,0,555,False,555
1100,ENSG00000167967,E4F1,Q66K89,0,784,False,784
1101,ENSG00000179133,C10orf67,Q8IYJ2,1,551,False,551
1102,ENSG00000147905,ZCCHC7,Q8N3Z6,1,543,False,543
1103,ENSG00000112053,SLC26A8,Q96RN1,0,970,False,970
1104,ENSG00000166224,SGPL1,O95470,1,568,False,568
1105,ENSG00000103460,TOX3,O15405,1,576,False,576
1106,ENSG00000204595,DPRX,A6NFQ7,0,191,False,191
1107,ENSG00000072858,SIDT1,Q9NXL6,1,827,False,827
1108,ENSG00000121653,MAPK8IP1,Q9UQF2,1,711,False,711
1109,ENSG00000061918,GUCY1B1,Q02153,1,619,False,619
1110,ENSG00000163638,ADAMTS9,Q9P2N4,1,1935,True,1022
1111,ENSG00000004399,PLXND1,Q9Y4D7,1,1925,True,1022
1112,ENSG00000225556,C2CD4D,B7Z1M9,0,353,False,353
1113,ENSG00000154783,FGD5,Q6ZNL6,1,1462,True,1022
1114,ENSG00000143303,METTL25B,Q96FB5,0,475,False,475
1115,ENSG00000181915,ADO,Q96SZ5,1,270,False,270
1116,ENSG00000105372,RPS19,P39019,0,145,False,145
1117,ENSG00000084234,APLP2,Q06481,0,763,False,763
1118,ENSG00000079739,PGM1,P36871,1,562,False,562
1119,ENSG00000115421,PAPOLG,Q9BWT3,0,736,False,736
1120,ENSG00000169991,IFFO2,Q5TF58,0,517,False,517
1121,ENSG00000151553,FHIP2A,Q5W0V3,0,765,False,765
1122,ENSG00000062524,LTK,P29376,1,864,False,864
1123,ENSG00000103257,SLC7A5,Q01650,1,507,False,507
1124,ENSG00000179869,ABCA13,Q86UQ4,0,5058,True,1022
1125,ENSG00000182168,UNC5C,O95185,1,931,False,931
1126,ENSG00000124782,RREB1,Q92766,1,1687,True,1022
1127,ENSG00000188404,SELL,P14151,1,372,False,372
1128,ENSG00000148660,CAMK2G,Q13555,1,558,False,558
1129,ENSG00000184209,SNRNP35,Q16560,0,246,False,246
1130,ENSG00000074706,IPCEF1,Q8WWN9,0,437,False,437
1131,ENSG00000128713,HOXD11,P31277,0,338,False,338
1132,ENSG00000158864,NDUFS2,O75306,1,463,False,463
1133,ENSG00000079432,CIC,Q96RK0,0,2517,True,1022
1134,ENSG00000137513,NARS2,Q96I59,0,477,False,477
1135,ENSG00000156515,HK1,P19367,1,917,False,917
1136,ENSG00000159625,DRC7,Q8IY82,0,874,False,874
1137,ENSG00000162063,CCNF,P41002,0,786,False,786
1138,ENSG00000072609,CHFR,Q96EP1,0,664,False,664
1139,ENSG00000187391,MAGI2,Q86UL8,1,1455,True,1022
1140,ENSG00000139675,HNRNPA1L2,Q32P51,0,320,False,320
1141,ENSG00000156642,NPTN,Q9Y639,0,398,False,398
1142,ENSG00000151623,NR3C2,P08235,1,984,False,984
1143,ENSG00000069248,NUP133,Q8WUM0,1,1156,True,1022
1144,ENSG00000129003,VPS13C,Q709C8,1,3753,True,1022
1145,ENSG00000196739,COL27A1,Q8IZC6,1,1860,True,1022
1146,ENSG00000148737,TCF7L2,Q9NQB0,1,619,False,619
1147,ENSG00000242852,ZNF709,Q8N972,0,641,False,641
1148,ENSG00000167822,OR8J3,Q8NGG0,0,315,False,315
1149,ENSG00000100344,PNPLA3,Q9NST1,1,481,False,481
1150,ENSG00000198393,ZNF26,P17031,0,533,False,533
1151,ENSG00000099282,TSPAN15,O95858,1,294,False,294
1152,ENSG00000118473,SGIP1,Q9BQI5,1,828,False,828
1153,ENSG00000206073,SERPINB4,P48594,0,390,False,390
1154,ENSG00000137869,CYP19A1,P11511,1,503,False,503
1155,ENSG00000133980,VRTN,Q9H8Y1,0,702,False,702
1156,ENSG00000185053,SGCZ,Q96LD1,1,299,False,299
1157,ENSG00000029534,ANK1,P16157,1,1881,True,1022
1158,ENSG00000138738,PRDM5,Q9NQX1,1,630,False,630
1159,ENSG00000188493,ACTMAP,Q5BKX5,0,351,False,351
1160,ENSG00000081277,PKP1,Q13835,0,747,False,747
1161,ENSG00000102218,RP2,O75695,0,350,False,350
1162,ENSG00000099954,CECR2,Q9BXF3,0,1484,True,1022
1163,ENSG00000175535,PNLIP,P16233,1,465,False,465
1164,ENSG00000072110,ACTN1,P12814,1,892,False,892
1165,ENSG00000181220,ZNF746,Q6NUN9,1,644,False,644
1166,ENSG00000181195,PENK,P01210,1,267,False,267
1167,ENSG00000188162,OTOG,Q6ZRI0,0,2925,True,1022
1168,ENSG00000124380,SNRNP27,Q8WVK2,0,155,False,155
1169,ENSG00000111981,ULBP1,Q9BZM6,0,244,False,244
1170,ENSG00000073711,PPP2R3A,Q06190,1,1150,True,1022
1171,ENSG00000100413,POLR3H,Q9Y535,0,204,False,204
1172,ENSG00000254647,INS,P01308,1,110,False,110
1173,ENSG00000187486,KCNJ11,Q14654,1,390,False,390
1174,ENSG00000189362,NEMP2,A6NFY4,0,417,False,417
1175,ENSG00000123562,MORF4L2,Q15014,0,288,False,288
1176,ENSG00000119333,DYNC2I2,Q96EX3,0,536,False,536
1177,ENSG00000134962,KLB,Q86Z14,1,1044,True,1022
1178,ENSG00000155980,KIF5A,Q12840,0,1032,True,1022
1179,ENSG00000138081,FBXO11,Q86XK2,1,927,False,927
1180,ENSG00000074410,CA12,O43570,0,354,False,354
1181,ENSG00000147535,PLPP5,Q8NEB5,0,264,False,264
1182,ENSG00000187612,OR5W2,Q8NH69,0,310,False,310
1183,ENSG00000186654,PRR5,P85299,0,388,False,388
1184,ENSG00000089639,GMIP,Q9P107,0,970,False,970
1185,ENSG00000263001,GTF2I,P78347,1,998,False,998
1186,ENSG00000157764,BRAF,P15056,1,766,False,766
1187,ENSG00000107929,LARP4B,Q92615,1,738,False,738
1188,ENSG00000177105,RHOG,P84095,0,191,False,191
1189,ENSG00000110717,NDUFS8,O00217,1,210,False,210
1190,ENSG00000155918,RAET1L,Q5VY80,0,246,False,246
1191,ENSG00000154370,TRIM11,Q96F44,0,468,False,468
1192,ENSG00000076685,NT5C2,P49902,1,561,False,561
1193,ENSG00000163159,VPS72,Q15906,0,364,False,364
1194,ENSG00000064042,LIMCH1,Q9UPQ0,0,1083,True,1022
1195,ENSG00000170153,RNF150,Q9ULK6,0,438,False,438
1196,ENSG00000179399,GPC5,P78333,1,572,False,572
1197,ENSG00000162367,TAL1,P17542,1,331,False,331
1198,ENSG00000101280,ANGPT4,Q9Y264,0,503,False,503
1199,ENSG00000197530,MIB2,Q96AX9,0,955,False,955
1200,ENSG00000171723,GPHN,Q9NQX3,0,736,False,736
1201,ENSG00000130643,CALY,Q9NYX4,0,217,False,217
1202,ENSG00000186442,KRT3,P12035,0,628,False,628
1203,ENSG00000139915,MDGA2,Q7Z553,1,956,False,956
1204,ENSG00000283599,UNKNOWN,A0A1B0GWI6,0,518,False,518
1205,ENSG00000104369,JPH1,Q9HDC5,1,661,False,661
1206,ENSG00000155858,LSM11,P83369,0,360,False,360
1207,ENSG00000105221,AKT2,P31751,1,481,False,481
1208,ENSG00000132849,PATJ,Q8NI35,1,1801,True,1022
1209,ENSG00000116117,PARD3B,Q8TEW8,1,1205,True,1022
1210,ENSG00000101104,PABPC1L,Q4VXU2,0,619,False,619
1211,ENSG00000100532,CGRRF1,Q99675,0,332,False,332
1212,ENSG00000203782,LORICRIN,P23490,0,312,False,312
1213,ENSG00000109927,TECTA,O75443,0,2155,True,1022
1214,ENSG00000154122,ANKH,Q9HCJ1,1,492,False,492
1215,ENSG00000142864,SERBP1,Q8NC51,0,408,False,408
1216,ENSG00000101391,CDK5RAP1,Q96SZ6,1,601,False,601
1217,ENSG00000184922,FMNL1,O95466,0,1100,True,1022
1218,ENSG00000142156,COL6A1,P12109,0,1028,True,1022
1219,ENSG00000141252,VPS53,Q5VIR6,1,832,False,832
1220,ENSG00000134480,CCNH,P51946,1,323,False,323
1221,ENSG00000127311,HELB,Q8NG08,0,1087,True,1022
1222,ENSG00000187726,DNAJB13,P59910,0,316,False,316
1223,ENSG00000153814,JAZF1,Q86VZ6,1,243,False,243
1224,ENSG00000184635,ZNF93,P35789,0,620,False,620
1225,ENSG00000184937,WT1,P19544,1,449,False,449
1226,ENSG00000135045,C9orf40,Q8IXQ3,0,194,False,194
1227,ENSG00000137413,TAF8,Q7Z7C8,1,310,False,310
1228,ENSG00000139890,REM2,Q8IYK8,0,340,False,340
1229,ENSG00000091844,RGS17,Q9UGC6,1,210,False,210
1230,ENSG00000051341,POLQ,O75417,0,2590,True,1022
1231,ENSG00000151917,BEND6,Q5SZJ8,0,279,False,279
1232,ENSG00000212993,POU5F1B,Q06416,1,359,False,359
1233,ENSG00000133247,KMT5C,Q86Y97,0,462,False,462
1234,ENSG00000134954,ETS1,P14921,1,441,False,441
1235,ENSG00000102908,NFAT5,O94916,1,1531,True,1022
1236,ENSG00000164347,GFM2,Q969S9,0,779,False,779
1237,ENSG00000106631,MYL7,Q01449,1,175,False,175
1238,ENSG00000075151,EIF4G3,O43432,0,1585,True,1022
1239,ENSG00000008086,CDKL5,O76039,0,960,False,960
1240,ENSG00000100116,GCAT,O75600,0,419,False,419
1241,ENSG00000121691,CAT,P04040,1,527,False,527
1242,ENSG00000011028,MRC2,Q9UBG0,1,1479,True,1022
1243,ENSG00000163635,ATXN7,O15265,1,892,False,892
1244,ENSG00000196781,TLE1,Q04724,1,770,False,770
1245,ENSG00000129596,CDO1,Q16878,0,200,False,200
1246,ENSG00000175463,TBC1D10C,Q8IV04,0,446,False,446
1247,ENSG00000086205,FOLH1,Q04609,1,750,False,750
1248,ENSG00000127603,MACF1,Q9UPN3,1,7388,True,1022
1249,ENSG00000179148,ALOXE3,Q9BYJ1,0,711,False,711
1250,ENSG00000148143,ZNF462,Q96JM2,0,2506,True,1022
1251,ENSG00000069696,DRD4,P21917,1,419,False,419
1252,ENSG00000137710,RDX,P35241,0,583,False,583
1253,ENSG00000145569,OTULINL,Q9NUU6,1,356,False,356
1254,ENSG00000140262,TCF12,Q99081,1,682,False,682
1255,ENSG00000143971,ETAA1,Q9NY74,1,926,False,926
1256,ENSG00000138944,SHISAL1,Q3SXP7,0,199,False,199
1257,ENSG00000166228,PCBD1,P61457,1,104,False,104
1258,ENSG00000163521,GLB1L,Q6UWU2,0,654,False,654
1259,ENSG00000162594,IL23R,Q5VWK5,1,629,False,629
1260,ENSG00000149289,ZC3H12C,Q9C0D7,1,883,False,883
1261,ENSG00000204950,LRRC10B,A6NIK2,1,292,False,292
1262,ENSG00000164330,EBF1,Q9UH73,1,591,False,591
1263,ENSG00000084090,STARD7,Q9NQZ5,0,370,False,370
1264,ENSG00000181722,ZBTB20,Q9HC78,1,741,False,741
1265,ENSG00000111052,LIN7A,O14910,1,233,False,233
1266,ENSG00000081177,EXD2,Q9NVH0,1,621,False,621
1267,ENSG00000147113,DIPK2B,Q9H7Y0,0,433,False,433
1268,ENSG00000184611,KCNH7,Q9NS40,1,1196,True,1022
1269,ENSG00000188626,GOLGA8M,H3BSY2,0,632,False,632
1270,ENSG00000228672,PROB1,E7EW31,0,1015,False,1015
1271,ENSG00000165476,REEP3,Q6NUK4,1,255,False,255
1272,ENSG00000113761,ZNF346,Q9UL40,0,294,False,294
1273,ENSG00000132437,DDC,P20711,1,480,False,480
