feature,coefficient,abs_coefficient,modality
k4_GTAG,-0.03648944404573647,0.03648944404573647,genomic
k4_GGTA,-0.027391249076618055,0.027391249076618055,genomic
k4_ACCA,-0.026826950416710817,0.026826950416710817,genomic
k4_TCTG,-0.02639367870129794,0.02639367870129794,genomic
k4_CTGT,-0.025097668444904346,0.025097668444904346,genomic
k4_CCGA,-0.024708146772745326,0.024708146772745326,genomic
k4_CCAT,-0.024555671474481955,0.024555671474481955,genomic
k4_TGAC,0.02376067496470851,0.02376067496470851,genomic
k4_ATCC,-0.02373766620679578,0.02373766620679578,genomic
k4_CGAC,-0.02288138492510271,0.02288138492510271,genomic
k4_GGTT,-0.02218559625824446,0.02218559625824446,genomic
k4_GATC,-0.02185993605898058,0.02185993605898058,genomic
k4_CTTT,0.02137460993684657,0.02137460993684657,genomic
k4_CAAG,-0.01942605511024253,0.01942605511024253,genomic
k4_GAGA,-0.01938913066792824,0.01938913066792824,genomic
k4_CGGG,0.019296600500877246,0.019296600500877246,genomic
k3_CGA,-0.019147839050875436,0.019147839050875436,genomic
k4_GACG,-0.019093795982450194,0.019093795982450194,genomic
k4_GCTT,0.018713337864476882,0.018713337864476882,genomic
k4_TAGC,-0.018685056778402445,0.018685056778402445,genomic
k4_AGTA,-0.01849076593541086,0.01849076593541086,genomic
k4_CGAT,-0.01822731404884053,0.01822731404884053,genomic
k4_ACGC,-0.018021369174405014,0.018021369174405014,genomic
k4_CATA,-0.01793326494702375,0.01793326494702375,genomic
k4_AAGG,0.017927330879857588,0.017927330879857588,genomic
k4_GAAC,-0.017783678210525355,0.017783678210525355,genomic
k4_CGCT,0.017752739845685254,0.017752739845685254,genomic
k4_CTCC,0.017511246573342545,0.017511246573342545,genomic
k4_GGCG,0.017177472969103127,0.017177472969103127,genomic
k4_TAGG,-0.017160475913107286,0.017160475913107286,genomic
k4_GCAC,-0.017096354098518018,0.017096354098518018,genomic
k4_CTAG,-0.016934098771542297,0.016934098771542297,genomic
k4_TGTC,-0.016759696740919205,0.016759696740919205,genomic
k3_TAG,-0.01644487613528148,0.01644487613528148,genomic
k4_GTTG,-0.016418957591340787,0.016418957591340787,genomic
k4_TACT,-0.016363839656254146,0.016363839656254146,genomic
k4_GCGG,0.016331088219184046,0.016331088219184046,genomic
k4_AAAG,0.016186109186682462,0.016186109186682462,genomic
k4_AAGC,-0.016136704655277938,0.016136704655277938,genomic
k4_ACAG,-0.016040181786664397,0.016040181786664397,genomic
GC_content_bin_03,0.016026818243367952,0.016026818243367952,genomic
k4_AACG,-0.01602140812154683,0.01602140812154683,genomic
k3_GTA,-0.015775593267574644,0.015775593267574644,genomic
k4_TAAG,-0.015665452833457532,0.015665452833457532,genomic
k3_CCA,-0.015654584098447482,0.015654584098447482,genomic
k4_TTTG,0.01554217611076626,0.01554217611076626,genomic
k4_CATT,0.015452758366326508,0.015452758366326508,genomic
k4_GTGC,0.015420937320824184,0.015420937320824184,genomic
k4_GGGG,0.015100805231451174,0.015100805231451174,genomic
k4_ACGA,-0.01465778204684882,0.01465778204684882,genomic
